tree
version=v4
num_class=1
num_tree_per_iteration=1
label_index=0
max_feature_idx=16
objective=binary sigmoid:1
feature_names=fico ltv cltv dti mi_pct orig_upb int_rate n_units n_borrowers fico_missing dti_missing first_time_buyer occupancy channel loan_purpose property_type state
feature_infos=[300:842] [6:102] [6:160] [1:65] [0:55] [9000:642000] [3.75:13.9] [1:4] [1:2] [0:1] [0:1] -1:0:2 -1:1:0:2 -1:2:3:1:0 -1:2:1:0 -1:4:3:0:2:1 -1:4:9:15:23:45:36:35:24:39:32:10:28:47:16:51:5:3:50:25:20:21:38:18:44:42:13:6:1:46:34:17:37:30:31:14:33:19:2:22:49:8:52:40:27:41:26:12:43:0:53:29:7:11
tree_sizes=976 1003 1003 1000 1021 1035 1043 1038 1039 1050 1010 1022 1047 1031 1041 1029 1029 1031 1037 1037 1054 1023 1048 1040 1043 1035 1031 1054 1029 1037 1035 1055 1052 1042 1062 1034 1054 1024 1061 1029 1044 1013 1057 1029 1054 1031 1035 1036 1041 1014 1038 1033 1006 1016 1044 1064 1030 1048 1053 1047 1046 1044 1043 1038 1028 1025 1030 1048 1014 1043 1025 1037 1048 1034 1059 1048 1053 1047 1059 1026 1046 1057 1049 1023 1042 1054 1034 1032 1041 1052 1061 1049 1052 1010 1041 1039 1054 1052 1052 1031 1044 1063 1039 1021 1049 1037 1057 1016 1031 1041 1044 1059 1052 1059 1044 1019 1026 1030 1068 1034 1040 1052 1051 1031 1010 1036 1058 1046 1041 1033 1040 1061 1065 1026 1055 1055 1042 1046 1057 1023 1042 1014 1042 1007 1050 1040 1035 1050 1038 999 1048 1043 1059 1046 1034 1046 1038 1043 1065 1033 1035 1046 1037 1045 1048 1061 1052 1037 1048 1023 1034 1050 1029 1046 1048 1056 1047 1032 1035 1037 1054 1056 1014 1048 1054 1033 1039 1007 1051 1043 1017 1058 1054 1039 1042 1025 1055 1039 1046 1042 1049 1027 1033 1045 1008 1045 1029 1030 1052 1032 1056 1048 1036 1056 1029 1042 1049 1031 1058 1049 1029 1052 1051 1013 1060 1025 1054 1040 1056 1036 1062 1056 1026 1062 1040 1055 1055 1016 1039 1046 1020 1049 1055 1054 1041 1022 1056 1048 1038 1052 1053 1052 1037 1047 1048 1037 1017 1057 1053 1044 1041 1012 1033 1052 1038 1059 999 1053 1053 1052 1056 1039 1048 1026 1018 1027 1053 1008 1030 1050 1044 1040 1031 1049 1057 1054 1018 1041 1040 1044 1059 1055 1049 1046 1036 1052 1047 1036 1014 1036

Tree=0
num_leaves=8
num_cat=0
split_feature=0 8 0 4 4 8 4
split_gain=2541.49 395.745 317.322 181.442 162.941 99.8867 93.3749
threshold=654.50000000000011 1.5000000000000002 696.50000000000011 6.5000000000000009 9.5000000000000018 1.5000000000000002 14.500000000000002
decision_type=8 8 10 8 8 8 8
left_child=1 4 3 -2 -1 -5 -3
right_child=2 6 -4 5 -6 -7 -8
leaf_value=-4.2541281599755489 -4.4177063568294281 -4.3502690454696955 -4.4498307571459206 -4.276453728604853 -4.0843001119635263 -4.3854266402977453 -4.2558743506766907
leaf_weight=66.728839175775647 281.38624494429678 117.33567001763731 1361.3013415876776 34.685315662063658 27.951104426756501 52.812255537137389 36.26567346509546
leaf_count=5658 23859 9949 115426 2941 2370 4478 3075
internal_value=-4.41711 -4.26916 -4.43871 -4.39776 -4.18986 -4.33701 -4.32363
internal_weight=1978.47 248.281 1730.19 368.884 94.6799 87.4976 153.601
internal_count=167756 21052 146704 31278 8028 7419 13024
is_linear=0
shrinkage=1


Tree=1
num_leaves=8
num_cat=0
split_feature=0 0 6 8 8 4 4
split_gain=2195.25 293.491 255.577 140.776 135.645 64.9957 62.7917
threshold=654.50000000000011 696.50000000000011 8.4990000000000006 1.5000000000000002 1.5000000000000002 17.500000000000004 17.500000000000004
decision_type=8 10 2 8 8 8 8
left_child=2 4 3 -1 5 -2 -3
right_child=1 6 -4 -5 -6 -7 -8
leaf_value=0.1525407919042526 0.033599725253957428 -0.036832503815371211 0.26534140846696569 0.07300097019271376 -0.006254562029542699 0.11396432202049317 -0.00076901577948680503
leaf_weight=103.72945210337639 106.06874979846179 1184.1714975070208 27.283013859763741 153.92868776060641 237.44152019824833 31.460054285824299 134.57479904592037
leaf_count=7162 8922 103762 1950 11987 20018 2328 11792
internal_value=-0.000394823 -0.0220972 0.126762 0.107317 0.0167662 0.0553364 -0.0331691
internal_weight=1978.66 1693.72 284.941 257.658 374.97 137.529 1318.75
internal_count=167921 146822 21099 19149 31268 11250 115554
is_linear=0
shrinkage=0.05


Tree=2
num_leaves=8
num_cat=0
split_feature=0 0 4 4 0 8 4
split_gain=1751.75 355.657 193.237 141.503 107.109 72.5191 57.8039
threshold=648.50000000000011 696.50000000000011 12.500000000000002 11.500000000000002 619.50000000000011 1.5000000000000002 17.500000000000004
decision_type=10 10 8 8 8 8 8
left_child=2 3 4 5 -1 -2 -3
right_child=1 6 -4 -5 -6 -7 -8
leaf_value=0.12950480855495214 0.034046527154089005 -0.036076027101820778 0.18018773242241218 0.067982811499130491 0.053342912467441307 -0.015540966331396802 -0.00133672378861479
leaf_weight=79.893992930650711 111.9263235796243 1141.0586413582787 77.677789098583162 109.61159726325423 130.49059318657964 194.69779605977237 134.15442357957363
leaf_count=5440 8916 103649 4642 8096 9066 16409 11764
internal_value=0.000129488 -0.0193712 0.113011 0.0205801 0.0846005 0.0028157 -0.0324409
internal_weight=1979.51 1691.45 288.062 416.236 210.385 306.624 1275.21
internal_count=167982 148834 19148 33421 14506 25325 115413
is_linear=0
shrinkage=0.05


Tree=3
num_leaves=8
num_cat=0
split_feature=0 0 1 0 1 8 8
split_gain=1567.95 294.741 151.512 141.689 97.4259 85.0138 57.9488
threshold=673.50000000000011 627.50000000000011 81.500000000000014 723.50000000000011 70.500000000000014 1.5000000000000002 1.5000000000000002
decision_type=10 8 10 10 10 8 8
left_child=1 4 -3 5 -1 -2 -4
right_child=3 2 6 -5 -6 -7 -8
leaf_value=0.060486407799668254 0.023469881066284261 0.025622113854332901 0.13538764183196533 -0.03678953261494796 0.15469198122900155 -0.019257700351580014 0.055207594592041179
leaf_weight=47.580497249960899 177.24495698697865 245.26912400405854 49.749040602706373 965.60331631824374 116.35420699417591 317.60516704525799 58.717551381327212
leaf_count=2915 14859 18172 2645 90295 6569 28401 3934
internal_value=0.000833019 0.075182 0.0483433 -0.0256872 0.129949 -0.00387189 0.0963282
internal_weight=1978.12 517.67 353.736 1460.45 163.935 494.85 108.467
internal_count=167790 34235 24751 133555 9484 43260 6579
is_linear=0
shrinkage=0.05


Tree=4
num_leaves=8
num_cat=2
split_feature=0 0 6 2 4 13 16
split_gain=1351.25 236.654 174.181 96.8099 86.2635 48.1681 51.3289
threshold=654.50000000000011 703.50000000000011 8.6125000000000025 79.500000000000014 19.000000000000004 0 1
decision_type=10 10 2 10 8 9 9
left_child=2 3 4 -2 5 6 -1
right_child=1 -3 -4 -5 -6 -7 -8
leaf_value=0.10404109263991226 -0.013136302349738194 -0.032725146925012924 0.18729407522835365 0.032735204653003377 0.11168035264973329 0.023600646422947291 0.025787953597587895
leaf_weight=75.443805285729468 224.60879871528596 1129.6377008203417 32.76039264537394 226.41857102606446 93.600291269831359 128.8531290628016 65.39629013184458
leaf_count=4450 19135 108816 1474 17594 4342 7818 3969
internal_value=0.000196953 -0.0205415 0.0821889 0.00999792 0.0702968 0.0541628 0.0736853
internal_weight=1976.72 1580.67 396.054 451.027 363.294 269.693 140.84
internal_count=167598 145545 22053 36729 20579 16237 8419
cat_boundaries=0 1 3
cat_threshold=8 311363112 533657
is_linear=0
shrinkage=0.05


Tree=5
num_leaves=8
num_cat=1
split_feature=0 0 0 8 6 8 16
split_gain=1197.05 199.242 118.378 108.57 74.4046 72.9709 51.0254
threshold=675.50000000000011 627.50000000000011 723.50000000000011 1.5000000000000002 8.4990000000000006 1.5000000000000002 0
decision_type=10 8 10 8 2 8 9
left_child=1 4 5 -3 6 -2 -1
right_child=2 3 -4 -5 -6 -7 -8
leaf_value=0.019357156947729853 0.020002292748209027 0.067027611965838604 -0.036535739721309274 0.014449640530586142 0.17171033703982153 -0.020375054056928091 0.097769180235291714
leaf_weight=51.97968927025795 172.00775565486401 170.44504188466817 903.9989794716239 231.21379309333861 29.530422773212194 299.89596033468843 117.10188319906592
leaf_count=2659 14266 9718 90490 16285 1069 27636 5705
internal_value=-0.000286969 0.0583443 -0.0259849 0.037311 0.0989198 -0.0056022 0.0816401
internal_weight=1976.17 600.271 1375.9 401.659 198.612 471.904 169.082
internal_count=167828 35436 132392 26003 9433 41902 8364
cat_boundaries=0 2
cat_threshold=3914359287 1231200
is_linear=0
shrinkage=0.05


Tree=6
num_leaves=8
num_cat=1
split_feature=0 0 1 2 1 0 16
split_gain=1060.31 169.233 124.288 87.5694 55.5888 53.8737 41.4873
threshold=677.50000000000011 627.50000000000011 81.500000000000014 72.500000000000014 49.500000000000007 720.50000000000011 0
decision_type=10 8 10 10 10 10 9
left_child=1 4 5 -3 -1 -2 -5
right_child=2 3 -4 6 -6 -7 -8
leaf_value=-0.004786944517714711 -0.014132511583975459 -0.00064070919611113086 0.010654567646016085 0.062594292501602283 0.094640271177527727 -0.038570428627828779 0.018674087543638637
leaf_weight=14.566974895074962 325.84563473891467 129.73361842893064 204.05797999165952 184.60153810400516 204.39058080874383 792.23924152366817 123.15731936506927
leaf_count=740 29896 9045 18351 10967 8797 82512 7604
internal_value=0.000762532 0.0524766 -0.0250147 0.0338708 0.0880663 -0.0315431 0.0481965
internal_weight=1978.59 656.45 1322.14 437.492 218.958 1118.08 307.759
internal_count=167912 37153 130759 27616 9537 112408 18571
cat_boundaries=0 2
cat_threshold=93300322 25816
is_linear=0
shrinkage=0.05


Tree=7
num_leaves=8
num_cat=1
split_feature=0 8 0 0 0 2 16
split_gain=926.349 145.155 94.8081 78.016 68.5577 49.5 41.8705
threshold=677.50000000000011 1.5000000000000002 723.50000000000011 646.50000000000011 632.50000000000011 79.500000000000014 0
decision_type=10 8 10 8 8 10 9
left_child=1 4 5 -3 -1 -2 -7
right_child=2 3 -4 -5 -6 6 -8
leaf_value=0.10271349987417221 -0.021824110998307524 0.045518857322376448 -0.034752600446050268 0.00048397420456851889 0.051108503633647412 0.031726599384206453 -0.01035479276211862
leaf_weight=117.57466795295477 235.3392410222441 216.97255063988268 841.01299824379385 169.86897275410593 182.48523946199566 102.30920617002994 110.66906675044447
leaf_count=4274 22256 10529 90101 12511 9751 8792 9513
internal_value=6.81067e-05 0.0467707 -0.0248977 0.0260018 0.0726813 -0.00623105 0.0111045
internal_weight=1976.23 686.901 1289.33 386.842 300.06 448.318 212.978
internal_count=167727 37065 130662 23040 14025 40561 18305
cat_boundaries=0 2
cat_threshold=3315557416 283739
is_linear=0
shrinkage=0.05


Tree=8
num_leaves=8
num_cat=1
split_feature=0 8 1 6 0 16 2
split_gain=801.84 143.396 99.4108 84.1407 75.6823 60.5703 46.1103
threshold=683.50000000000011 1.5000000000000002 82.500000000000014 6.9050000000000011 646.50000000000011 0 69.500000000000014
decision_type=10 8 10 2 8 9 10
left_child=1 3 -2 -1 5 -3 -5
right_child=2 4 -4 6 -6 -7 -8
leaf_value=0.036104588852265834 -0.030916208194382788 0.057781305470762559 0.0087532231379691128 0.029388892781674933 -0.0013049813911246524 0.0023057793355659001 0.099239509284109947
leaf_weight=160.62469012010843 1012.3472450468689 143.4222728908062 184.68029871582985 34.205938910134137 205.63386716134846 84.486421262845397 148.61031975504011
leaf_count=7901 108589 6515 17001 1790 15634 4096 5930
internal_value=0.000855177 0.0402625 -0.024785 0.0642182 0.0207696 0.0402872 0.0873004
internal_weight=1974.01 776.984 1197.03 343.441 433.543 227.909 182.816
internal_count=167456 41866 125590 15621 26245 10611 7720
cat_boundaries=0 2
cat_threshold=529470978 799995
is_linear=0
shrinkage=0.05


Tree=9
num_leaves=8
num_cat=2
split_feature=0 4 0 0 8 16 16
split_gain=723.129 98.3604 98.2499 65.0283 60.2289 41.61 36.9404
threshold=676.50000000000011 9.5000000000000018 723.50000000000011 645.50000000000011 1.5000000000000002 0 1
decision_type=10 8 10 8 8 9 9
left_child=1 3 4 -1 5 -2 -5
right_child=2 -3 -4 6 -6 -7 -8
leaf_value=0.040921331406605449 0.038439506707218962 0.063519065246993328 -0.034438352670760689 0.025945312914960411 -0.019248226789877962 -0.0089079947141571022 -0.013579544984754988
leaf_weight=267.35673924535513 88.937972348183393 253.59004440996796 794.62807097751647 89.399526226334274 279.59535668976605 79.891155248507857 122.44306319952011
leaf_count=11769 7322 9837 90369 6049 27272 6702 8537
internal_value=-0.000733492 0.0385108 -0.0239299 0.0247573 -0.00513409 0.0181214 0.00388422
internal_weight=1975.84 732.789 1243.05 479.199 448.424 168.829 211.843
internal_count=167857 36192 131665 26355 41296 14024 14586
cat_boundaries=0 2 4
cat_threshold=1437303818 2633822 2156496451 3147452
is_linear=0
shrinkage=0.05


Tree=10
num_leaves=8
num_cat=0
split_feature=0 6 0 6 4 0 8
split_gain=712.708 134.282 88.6059 57.1912 45.0531 37.9569 35.7741
threshold=694.50000000000011 8.4990000000000006 646.50000000000011 8.4990000000000006 1.0000000180025095e-35 723.50000000000011 1.5000000000000002
decision_type=10 2 8 2 8 10 8
left_child=1 2 6 5 -4 -2 -1
right_child=3 -3 4 -5 -6 -7 -8
leaf_value=0.059211709496331248 -0.01389238044383927 0.085165874679551751 -0.0011093612726026793 0.029045460702928128 0.03257888254604701 -0.036553214170564695 0.027567656294744045
leaf_weight=170.44983967021108 257.17989937122911 99.459872273728251 314.69014077167958 37.783677586354315 139.75250707473606 740.84084210731089 217.19192672148347
leaf_count=5683 25658 3720 24163 4083 7647 87211 9722
internal_value=5.50477e-05 0.031453 0.0246436 -0.0284996 0.00949242 -0.0308121 0.0420587
internal_weight=1977.35 941.544 842.084 1035.8 454.443 998.021 387.642
internal_count=167887 50935 47215 116952 31810 112869 15405
is_linear=0
shrinkage=0.05


Tree=11
num_leaves=8
num_cat=1
split_feature=0 4 8 0 1 13 8
split_gain=593.288 98.6507 62.1639 59.1471 45.3839 41.7092 35.98
threshold=696.50000000000011 8.5000000000000018 1.5000000000000002 649.50000000000011 81.500000000000014 0 1.5000000000000002
decision_type=10 8 8 8 10 9 8
left_child=1 3 4 5 -2 -1 -5
right_child=2 -3 -4 6 -6 -7 -8
leaf_value=0.046829866874742831 -0.018347607256570218 0.049425147304282185 -0.036133129676435054 0.020463847658375306 0.026498783739604112 0.0084452206431896628 -0.012522407906758494
leaf_weight=172.01036372128874 289.55645541846752 341.01324553228915 635.00205891486257 136.7733698785305 65.142881912179291 145.17264633439481 193.33015075325966
leaf_count=6924 34067 13605 75031 9078 6448 6251 16646
internal_value=0.000483507 0.0278162 -0.0268131 0.0161402 -0.00985741 0.0313808 0.00124635
internal_weight=1978 988.3 989.701 647.287 354.699 317.183 330.104
internal_count=168050 52504 115546 38899 40515 13175 25724
cat_boundaries=0 1
cat_threshold=8
is_linear=0
shrinkage=0.05


Tree=12
num_leaves=8
num_cat=1
split_feature=0 8 0 4 0 2 16
split_gain=554.871 111.978 70.3237 60.4974 59.8439 48.7084 48.6972
threshold=701.50000000000011 1.5000000000000002 659.50000000000011 17.500000000000004 594.50000000000011 62.500000000000007 0
decision_type=10 8 8 8 8 10 9
left_child=1 4 6 -2 -1 -6 -3
right_child=3 2 -4 -5 5 -7 -8
leaf_value=0.099070084433443312 -0.032930295518122939 -0.0023926476108725864 -0.010169800241218113 0.0064459063201081669 -0.0030499186684592268 0.043267511897150508 0.037932005125401236
leaf_weight=39.361291715875268 807.27670837566257 117.49404001608491 248.46415541507304 109.17210499197245 65.973494364880025 375.38650615233928 212.00898987054825
leaf_count=1037 99570 5601 21266 11093 3789 16193 9143
internal_value=0.000171926 0.0247751 0.00980538 -0.0282301 0.0424869 0.0363875 0.0247947
internal_weight=1975.14 1058.69 577.967 916.449 480.721 441.36 329.503
internal_count=167692 57029 36010 110663 21019 19982 14744
cat_boundaries=0 2
cat_threshold=3764707573 3312449
is_linear=0
shrinkage=0.05


Tree=13
num_leaves=8
num_cat=3
split_feature=1 8 16 16 14 1 6
split_gain=259.457 100.59 79.0715 73.5522 51.7029 45.4432 39.1902
threshold=81.500000000000014 1.5000000000000002 0 1 2 72.500000000000014 8.740000000000002
decision_type=10 8 9 9 9 10 2
left_child=1 3 6 4 -1 -3 -2
right_child=2 5 -4 -5 -6 -7 -8
leaf_value=0.05234135412934468 0.046972901596347261 -0.03154605348406575 0.012637682570278093 -0.011961737991817562 0.0080070994774877492 -0.0088784824958684939 0.12029314605962099
leaf_weight=98.106702641583979 183.1949643548578 473.73197554890066 304.15668024867773 286.23701002728194 187.84577342681587 420.83715588785708 18.799963981844485
leaf_count=7350 10185 51305 17548 24555 16087 40060 605
internal_value=9.66203e-05 -0.0105624 0.0307862 0.00578244 0.023063 -0.020991 0.0539323
internal_weight=1972.91 1466.76 506.152 572.189 285.952 894.569 201.995
internal_count=167695 139357 28338 47992 23437 91365 10790
cat_boundaries=0 2 4 5
cat_threshold=109806594 291904 2647622727 1597080 1
is_linear=0
shrinkage=0.05


Tree=14
num_leaves=8
num_cat=2
split_feature=4 6 16 16 3 6 1
split_gain=193.617 94.5411 69.7978 63.9682 45.956 38.923 31.4684
threshold=8.5000000000000018 8.4990000000000006 0 1 36.500000000000007 8.2075000000000014 62.500000000000007
decision_type=8 2 9 9 10 2 10
left_child=1 3 -2 4 -1 -4 -6
right_child=2 -3 5 -5 6 -7 -8
leaf_value=-0.01008515345739648 0.061536485955930469 0.042115098005630083 0.0068635019241219787 -0.021856416570879361 -0.013265257556294175 0.04202941766759663 0.031734221395054683
leaf_weight=369.39829462673515 94.385582894086838 77.477502104826272 330.57994564855471 810.2520547346212 49.885149633511901 99.409159515053034 139.81508363969624
leaf_count=36319 4757 4990 19442 81221 4849 4387 11929
internal_value=-0.00053088 -0.00996801 0.0253558 -0.0130574 0.000159666 0.0150375 0.019864
internal_weight=1971.2 1446.83 524.375 1369.35 559.099 429.989 189.7
internal_count=167894 139308 28586 134318 53097 23829 16778
cat_boundaries=0 2 4
cat_threshold=67699714 21568 1154424357 3149724
is_linear=0
shrinkage=0.05


Tree=15
num_leaves=8
num_cat=3
split_feature=4 8 16 16 6 13 6
split_gain=217.558 111.302 67.7158 54.516 44.6502 40.8652 37.1908
threshold=8.5000000000000018 1.5000000000000002 0 1 8.3625000000000025 2 8.8875000000000011
decision_type=8 8 9 9 2 9 2
left_child=1 3 5 6 -3 -2 -1
right_child=2 4 -4 -5 -6 -7 -8
leaf_value=-0.012296368206348697 0.060234005878669672 -0.024322523305884601 0.006440579311214562 0.021453304562479639 0.020515649667531527 0.017025921689726851 0.089977609618413529
leaf_weight=271.5703128403984 160.33519223239273 808.46453536348417 249.10443399753422 294.01965296640992 55.886403834447265 128.45051386486739 4.226045378483831
leaf_count=23801 7692 87038 14023 24053 4330 6968 176
internal_value=0.000114786 -0.0100597 0.0270856 0.00706108 -0.0213221 0.0428049 -0.00884011
internal_weight=1972.06 1434.17 537.89 569.816 864.351 288.786 275.796
internal_count=168081 139398 28683 48030 91368 14660 23977
cat_boundaries=0 2 4 5
cat_threshold=378119234 292050 720395226 2531874 8
is_linear=0
shrinkage=0.05


Tree=16
num_leaves=8
num_cat=1
split_feature=0 13 0 8 6 0 8
split_gain=458.001 97.2047 69.4803 51.0904 44.4605 31.3738 30.4867
threshold=703.50000000000011 0 610.50000000000011 1.5000000000000002 8.6125000000000025 654.50000000000011 1.5000000000000002
decision_type=10 9 8 8 2 8 8
left_child=1 2 -1 -4 6 -3 -2
right_child=4 5 3 -5 -6 -7 -8
leaf_value=0.073641439593313707 -0.015784497215161675 0.017042865898889373 0.043560325450998999 0.011731276063068582 0.036219823336254987 -0.0076499765603094119 -0.035902394899238466
leaf_weight=97.507878987118602 312.49092057347298 262.94405428040773 252.05580064374954 257.35831174440682 23.278186310082674 243.23956922441721 523.24049154762179
leaf_count=2653 37295 9871 10883 17032 2402 18520 69505
internal_value=0.000778541 0.0219045 0.0350913 0.0277505 -0.0265649 0.00511817 -0.0285187
internal_weight=1972.12 1113.11 606.922 509.414 859.01 506.184 835.731
internal_count=168161 58959 30568 27915 109202 28391 106800
cat_boundaries=0 1
cat_threshold=8
is_linear=0
shrinkage=0.05


Tree=17
num_leaves=8
num_cat=3
split_feature=0 16 0 1 13 5 16
split_gain=419.855 91.5782 66.4214 45.1488 40.3371 33.0318 27.1752
threshold=696.50000000000011 0 602.50000000000011 85.500000000000014 1 106500.00000000001 2
decision_type=10 9 8 10 9 2 9
left_child=1 2 -1 6 5 -4 -2
right_child=3 -3 4 -5 -6 -7 -8
leaf_value=0.073755975363262435 0.030269610579828202 0.0021398455268441456 0.055946874981773809 0.001731025032543938 0.0096795928493632645 0.023206508486182706 -0.030559510476609403
leaf_weight=83.441859517246485 9.8672999143600446 408.58635794185102 150.22562938928604 134.6952500147745 251.88646181672812 177.87779584806412 754.54863849608228
leaf_count=2162 1287 22099 6360 12918 13416 8486 101348
internal_value=0.000211895 0.0213007 0.032479 -0.0249112 0.0265162 0.0376806 -0.0295865
internal_weight=1971.13 1072.02 663.432 899.111 579.99 328.103 764.416
internal_count=168076 52523 30424 115553 28262 14846 102635
cat_boundaries=0 2 3 5
cat_threshold=395150922 29906 8 67633152 1050624
is_linear=0
shrinkage=0.05


Tree=18
num_leaves=8
num_cat=3
split_feature=0 13 16 8 16 0 0
split_gain=397.756 73.1726 86.3925 41.6492 38.5971 42.2782 35.4238
threshold=702.50000000000011 0 1 1.5000000000000002 2 732.50000000000011 648.50000000000011
decision_type=10 9 9 8 9 10 10
left_child=1 2 -1 4 5 -2 -4
right_child=3 -3 6 -5 -6 -7 -8
leaf_value=0.060049031494945462 0.081632536301374015 0.0047222320711510467 0.031519793017446632 -0.034831217495701901 -0.019474109242881312 -0.0038320651931603566 0.0039284044333102305
leaf_weight=172.08818927314132 16.962614356074482 510.30996631877497 238.62092195730656 509.96911509661004 256.61886743223295 41.196477022953331 225.74153614230454
leaf_count=7162 1693 27997 7584 71435 31882 5110 15353
internal_value=0.000348962 0.019362 0.0304241 -0.0260449 -0.0114883 0.0220866 0.0179099
internal_weight=1971.51 1146.76 636.451 824.747 314.778 58.1591 464.362
internal_count=168216 58096 30099 110120 38685 6803 22937
cat_boundaries=0 1 3 5
cat_threshold=8 344523808 525328 3691708420 1071380
is_linear=0
shrinkage=0.05


Tree=19
num_leaves=8
num_cat=3
split_feature=2 6 16 13 4 8 16
split_gain=166.497 104.873 66.5107 49.9852 31.7266 31.5841 34.9965
threshold=72.500000000000014 8.4990000000000006 0 1 21.000000000000004 1.5000000000000002 2
decision_type=10 2 9 9 8 8 9
left_child=5 2 3 -2 -4 6 -1
right_child=1 -3 4 -5 -6 -7 -8
leaf_value=0.0131223201339427 0.0020616358223852307 0.050189994950440832 -0.01164817679154356 0.036361487187791919 0.011035367536300729 -0.028663312206226012 -0.02094335730933556
leaf_weight=118.73922410560772 209.5458633727394 141.23627413064241 479.99470665352419 220.12087992625311 221.38415516540408 415.63560631778091 162.80836885981262
leaf_count=10252 16889 5588 43658 14552 11541 50440 15070
internal_value=-0.000417805 0.0103351 0.0051593 0.0202675 -0.00439861 -0.0199745 -0.00687123
internal_weight=1969.47 1272.28 1131.05 429.667 701.379 697.183 281.548
internal_count=167990 92228 86640 31441 55199 75762 25322
cat_boundaries=0 2 3 5
cat_threshold=3297575938 1590490 5 403640878 3685464
is_linear=0
shrinkage=0.05


Tree=20
num_leaves=8
num_cat=2
split_feature=0 16 0 6 2 3 16
split_gain=343.781 70.5633 60.802 49.8268 36.5775 34.6133 35.4297
threshold=703.50000000000011 0 602.50000000000011 8.6125000000000025 72.500000000000014 42.500000000000007 1
decision_type=10 9 8 2 10 10 9
left_child=1 -1 -3 5 -4 -2 -7
right_child=3 2 4 -5 -6 6 -8
leaf_value=-0.0065496010558648557 -0.032717479579932811 0.056707199935436818 -0.00025904321218734412 0.040228012554672885 0.02441635606220683 0.020162624209708782 -0.025983785549559758
leaf_weight=249.70175030175596 626.64078386500478 116.27358642220497 198.22948194248602 23.676202018745244 613.31194075103849 64.4328877418302 73.364102663006634
leaf_count=14640 88132 2855 13258 2377 28072 8251 10145
internal_value=-9.58694e-06 0.0170718 0.023251 -0.0254775 0.0184244 -0.0277607 -0.00486326
internal_weight=1965.63 1177.52 927.815 788.114 811.541 764.438 137.797
internal_count=167730 58825 44185 108905 41330 106528 18396
cat_boundaries=0 2 4
cat_threshold=3761248661 3312420 2225964066 1080508
is_linear=0
shrinkage=0.05


Tree=21
num_leaves=8
num_cat=2
split_feature=0 16 13 0 6 6 3
split_gain=324.062 79.0683 71.4139 52.9152 28.2286 27.3003 27.249
threshold=720.50000000000011 0 1 652.50000000000011 8.6125000000000025 5.4925000000000006 44.500000000000007
decision_type=10 9 9 10 2 2 10
left_child=1 2 5 -3 -2 -1 -5
right_child=4 3 -4 6 -6 -7 -8
leaf_value=-0.011013471937303796 -0.030841547377146884 0.018192399865676182 0.007333804232206257 -0.011492842230995663 0.025665493743328594 0.058048776331509337 0.017714250923595371
leaf_weight=13.791594337206332 617.83656992111355 452.61414150707424 178.82123325299472 383.6062638531439 19.316820229403675 205.34191806474701 95.793738489970565
leaf_count=812 91325 15198 10356 32209 1955 8426 7678
internal_value=0.000245335 0.0142842 0.0325086 0.0059602 -0.0289419 0.0512662 -0.00553407
internal_weight=1967.12 1329.97 397.955 932.014 637.153 219.134 479.4
internal_count=167959 74679 19594 55085 93280 9238 39887
cat_boundaries=0 2 3
cat_threshold=76350466 21648 8
is_linear=0
shrinkage=0.05


Tree=22
num_leaves=8
num_cat=4
split_feature=0 8 8 16 16 16 15
split_gain=272.245 68.6001 53.5957 52.6764 37.0237 32.9067 24.6429
threshold=696.50000000000011 1.5000000000000002 1.5000000000000002 0 1 2 3
decision_type=10 8 8 9 9 9 9
left_child=1 3 4 -1 -2 -3 -5
right_child=2 5 -4 6 -6 -7 -8
leaf_value=0.00084667157033785226 0.010651687807540581 0.020229097467285337 -0.032671713757525235 0.042797189381817653 -0.022065324161980402 -0.0043903626433608343 0.0057117205521754694
leaf_weight=147.32758355326951 157.78276256518438 183.54769232962281 495.7556467121467 332.07282536663115 161.63233931269497 418.79519761819392 71.12419237755239
leaf_count=6066 19178 9515 74976 10872 21330 23799 2393
internal_value=-0.000416894 0.0151961 -0.0224558 0.0278711 -0.00634071 0.00347731 0.0366948
internal_weight=1968.04 1152.87 815.171 550.525 319.415 602.343 403.197
internal_count=168129 52645 115484 19331 40508 33314 13265
cat_boundaries=0 2 4 6 7
cat_threshold=3895742869 3574572 3712976388 1333852 2274295808 2380964 20
is_linear=0
shrinkage=0.05


Tree=23
num_leaves=8
num_cat=2
split_feature=0 0 16 2 16 5 6
split_gain=289.211 72.8859 52.0192 51.9801 42.3233 23.3922 20.3855
threshold=723.50000000000011 646.50000000000011 0 67.500000000000014 1 74500.000000000015 8.740000000000002
decision_type=10 8 9 10 9 2 2
left_child=1 2 -1 -3 5 -5 -2
right_child=6 3 -4 4 -6 -7 -8
leaf_value=0.03723002488856466 -0.030381554650569395 -0.020995182616660737 0.0056212615173579167 0.059359838546622357 -6.4085796504458289e-05 0.018698855093004972 0.02814278187838546
leaf_weight=365.27000223658979 571.44990888563916 172.42153679439798 223.37965145613998 43.457822476513684 409.96167814359069 165.72014960600063 11.558522686362265
leaf_count=9630 89143 16883 7390 2583 30192 11052 1162
internal_value=0.00038944 0.0128601 0.0261054 0.00290811 0.0096797 0.027071 -0.0289918
internal_weight=1963.22 1380.21 588.65 791.561 619.14 209.178 583.008
internal_count=168035 77730 17020 60710 43827 13635 90305
cat_boundaries=0 2 4
cat_threshold=382543394 799891 2240357376 17560
is_linear=0
shrinkage=0.05


Tree=24
num_leaves=8
num_cat=3
split_feature=0 0 8 16 16 6 16
split_gain=240.58 68.2685 54.309 40.0468 39.3831 31.6501 27.8655
threshold=720.50000000000011 646.50000000000011 1.5000000000000002 0 1 8.6125000000000025 2
decision_type=10 8 8 9 9 2 9
left_child=1 4 3 -3 -1 -2 -4
right_child=5 2 6 -5 -6 -7 -8
leaf_value=0.038054334157068256 -0.02879854030679015 0.028974847854114433 0.021592067375520406 -0.0044092382158200999 0.0112970987684644 0.031240906177635083 -0.015348374033568377
leaf_weight=263.22926645353436 568.78039412107319 206.46625822363421 46.686450438108295 151.30974903283641 343.84398777317256 18.879343245178461 364.72192423138767
leaf_count=6675 91173 11131 3973 9196 10475 1882 33298
internal_value=2.59918e-05 0.01146 0.00153384 0.0156671 0.0239215 -0.0266224 -0.0107975
internal_weight=1963.92 1376.26 769.184 357.776 607.073 587.66 411.408
internal_count=167803 74748 57598 20327 17150 93055 37271
cat_boundaries=0 2 4 6
cat_threshold=1202423309 541785 278855690 537744 2148360192 1196320
is_linear=0
shrinkage=0.05


Tree=25
num_leaves=8
num_cat=3
split_feature=0 13 16 8 1 16 0
split_gain=231.749 46.4824 54.35 43.3221 34.6803 33.3109 30.2875
threshold=696.50000000000011 0 1 1.5000000000000002 75.500000000000014 2 591.50000000000011
decision_type=10 9 9 8 10 9 8
left_child=1 2 6 4 -2 -6 -1
right_child=3 -3 -4 -5 5 -7 -8
leaf_value=0.080765919905261593 -0.022849912392908695 0.0024900612094878169 0.0070642184526079135 -0.030541255344369023 0.030508396342201396 -0.012552868774540963 0.031372548160506657
leaf_weight=32.687594359740615 151.35984076885507 512.47119643073529 326.62727385852486 460.10865925904363 77.058869732543826 77.549994213506579 322.61650173645467
leaf_count=587 22010 25151 14852 75152 8708 9750 11922
internal_value=0.000466956 0.0142144 0.0225781 -0.0209201 -0.00619358 0.0103177 0.0359759
internal_weight=1960.48 1194.4 681.931 766.077 305.969 154.609 355.304
internal_count=168132 52512 27361 115620 40468 18458 12509
cat_boundaries=0 1 3 5
cat_threshold=8 313459784 554072 3248326144 1069916
is_linear=0
shrinkage=0.05


Tree=26
num_leaves=8
num_cat=1
split_feature=0 0 13 0 1 6 6
split_gain=210.387 56.5212 47.4787 32.7518 32.1489 28.1711 27.8994
threshold=703.50000000000011 602.50000000000011 0 754.50000000000011 63.500000000000007 6.9050000000000011 7.9945000000000013
decision_type=10 8 9 10 10 2 2
left_child=1 -1 4 6 -3 -6 -2
right_child=3 2 -4 -5 5 -7 -8
leaf_value=0.038846935057553975 -0.017542045381720387 -0.01184851031967106 -0.0042041932066720121 -0.033488627542926974 0.0089775275660799736 0.0317506094050952 0.019542075322714497
leaf_weight=164.97034919634461 301.30837648594752 81.853064980823547 473.66862023854628 330.98879303969443 261.33445642981678 290.46148569555953 56.464175946544856
leaf_count=3773 45762 5286 26480 56109 12672 10718 7056
internal_value=-6.74164e-05 0.0119718 0.00781123 -0.0222323 0.0165622 0.0211426 -0.0115007
internal_weight=1961.05 1272.29 1107.32 688.761 633.649 551.796 357.773
internal_count=167856 58929 55156 108927 28676 23390 52818
cat_boundaries=0 1
cat_threshold=8
is_linear=0
shrinkage=0.05


Tree=27
num_leaves=8
num_cat=3
split_feature=1 5 3 16 16 16 3
split_gain=101.169 57.7161 46.7338 44.601 31.0364 30.8134 24.947
threshold=72.500000000000014 97500.000000000015 41.500000000000007 0 1 2 32.500000000000007
decision_type=10 2 8 9 9 9 10
left_child=4 2 5 6 -1 -2 -3
right_child=1 3 -4 -5 -6 -7 -8
leaf_value=0.0039189363764291834 -0.006152480682523746 -0.0034488624155973079 0.05075386762663351 -0.01040975988546408 -0.022385916867841027 0.02417007509266322 0.022148735635326947
leaf_weight=144.08867657789961 134.94729031808674 153.7776641221717 102.1035430803895 478.03062476729974 509.27154947025701 196.26105954451486 239.79877087287605
leaf_count=15924 8858 12327 5435 37752 61184 11305 15306
internal_value=-0.000891989 0.00714672 0.0219469 -0.000294259 -0.0168796 0.0124436 0.0119302
internal_weight=1958.28 1304.92 433.312 871.607 653.36 331.208 393.576
internal_count=168091 90983 25598 65385 77108 20163 27633
cat_boundaries=0 2 4 6
cat_threshold=2216503010 1337196 2620000836 2103316 2853188158 2792172
is_linear=0
shrinkage=0.05


Tree=28
num_leaves=8
num_cat=3
split_feature=0 16 0 8 3 16 13
split_gain=203.091 57.3744 46.2901 39.9475 27.2596 26.8224 25.9411
threshold=729.50000000000011 0 648.50000000000011 1.5000000000000002 44.500000000000007 1 2
decision_type=10 9 10 8 10 9 9
left_child=1 6 -3 5 -5 -4 -1
right_child=-2 2 3 4 -6 -7 -8
leaf_value=0.047533963233535564 -0.027160140900750491 0.015910948983283577 0.021632167648061803 -0.020817348268015446 0.01415782823392607 -0.0071045065716523019 0.0097973640264633136
leaf_weight=125.23251220630482 485.44655040372163 574.02578261122108 176.16173137165606 299.007535435725 64.487024853006005 134.4086722577922 101.23197946185246
leaf_count=4591 84090 16587 10590 30941 6207 9042 5777
internal_value=0.000725571 0.00996674 0.00549586 -0.00334442 -0.0145045 0.00974035 0.0323218
internal_weight=1960 1474.56 1248.09 674.065 363.495 310.57 226.464
internal_count=167825 83735 73367 56780 37148 19632 10368
cat_boundaries=0 2 4 5
cat_threshold=67960832 17424 1099097647 33357 8
is_linear=0
shrinkage=0.05


Tree=29
num_leaves=8
num_cat=3
split_feature=0 8 0 15 1 16 16
split_gain=179.804 56.0412 43.7846 42.7673 32.9731 28.5022 27.0875
threshold=729.50000000000011 1.5000000000000002 659.50000000000011 0 60.500000000000007 1 2
decision_type=10 8 8 9 10 9 9
left_child=1 3 5 4 -1 -3 -4
right_child=-2 2 6 -5 -6 -7 -8
leaf_value=-0.006475485163526121 -0.02694810840050707 -0.00696429516239258 0.016397886975120138 -0.0078163779556009293 0.028733523134922081 0.019843640364994947 -0.018894114383440606
leaf_weight=74.466653288342059 472.58977949479595 150.61583795305341 55.258001344744116 127.19552842993289 509.99346897564828 254.50863169040531 310.56063699256629
leaf_count=4560 84028 6503 5433 5703 19437 8350 33563
internal_value=-0.000256642 0.00831345 -0.00103675 0.0183792 0.0238264 0.0102277 -0.0134812
internal_weight=1955.19 1482.6 770.943 711.656 584.46 405.124 365.819
internal_count=167577 83549 53849 29700 23997 14853 38996
cat_boundaries=0 1 3 5
cat_threshold=20 3899977981 690945 2148360288 2245378
is_linear=0
shrinkage=0.05


Tree=30
num_leaves=8
num_cat=4
split_feature=0 15 8 16 0 16 16
split_gain=155.963 57.4074 58.3345 37.6953 31.3928 21.6079 21.5608
threshold=732.50000000000011 0 1.5000000000000002 1 659.50000000000011 2 3
decision_type=10 9 8 9 8 9 9
left_child=1 2 3 -1 -4 -6 -3
right_child=-2 6 4 -5 5 -7 -8
leaf_value=0.040304273712509942 -0.025747377794809102 0.0068477593181805567 0.011995419275476538 0.012907653659726352 0.015843937796981466 -0.01532984185504113 -0.0245718037838864
leaf_weight=203.30737672233954 443.28182781627402 76.799353528767824 357.61285222414881 398.77550986129791 58.099561898503453 259.33282579947263 156.46271880390123
leaf_count=7165 81143 4226 13049 17715 5770 29299 9578
internal_value=0.000161018 0.00782469 0.0119508 0.023291 0.00191517 -0.00945095 -0.0144385
internal_weight=1953.67 1510.39 1277.13 602.083 675.045 317.432 233.262
internal_count=167945 86802 72998 24880 48118 35069 13804
cat_boundaries=0 1 3 5 7
cat_threshold=20 336299040 1104 3289210976 3164422 2240352270 30630
is_linear=0
shrinkage=0.05


Tree=31
num_leaves=8
num_cat=2
split_feature=0 16 6 16 1 3 3
split_gain=136.583 43.3411 30.4689 34.1327 27.3102 28.1601 18.7296
threshold=723.50000000000011 0 7.9945000000000013 1 72.500000000000014 23.500000000000004 33.500000000000007
decision_type=10 9 2 9 10 8 10
left_child=1 6 -2 -4 -3 -6 -1
right_child=2 4 3 -5 5 -7 -8
leaf_value=-0.015253786977927605 -0.028766238109304967 -0.0021214163880466735 0.037167672820164609 -0.022829807248856367 -0.0070578793378786257 0.021814881540760247 0.0034358164202118514
leaf_weight=234.55143937887624 420.47576963761821 222.15618474967778 30.185347440186888 36.063487282488495 95.373969784937799 613.54110111063346 301.07580459909514
leaf_count=15106 80014 14975 4529 5687 4483 25408 17691
internal_value=-0.00103401 0.00659145 -0.023846 0.00720945 0.0130044 0.0179083 -0.00472633
internal_weight=1953.42 1466.7 486.725 66.2488 931.071 708.915 535.627
internal_count=167893 77663 90230 10216 44866 29891 32797
cat_boundaries=0 2 4
cat_threshold=2859469589 2001735 3643655234 289908
is_linear=0
shrinkage=0.05


Tree=32
num_leaves=8
num_cat=2
split_feature=0 16 16 0 8 8 0
split_gain=120.391 37.0059 28.7689 26.9351 19.7534 17.6172 19.646
threshold=718.50000000000011 0 1 602.50000000000011 1.5000000000000002 1.5000000000000002 664.50000000000011
decision_type=10 9 9 8 8 8 8
left_child=1 3 -2 -1 -4 -3 -7
right_child=2 5 4 -5 -6 6 -8
leaf_value=0.043234420912147298 0.028672773592939689 0.0076265661763659232 -0.011497195699513456 0.012059629974596699 -0.032190924267711078 0.0019281106816333993 -0.019006033937945623
leaf_weight=76.973842471837997 17.341898337006569 396.49590767873451 201.0340099032037 507.7526299636811 293.94065667875111 270.42665874771774 185.41119344485924
leaf_count=1365 2943 16281 32736 23585 59608 11206 20271
internal_value=-0.000697323 0.00672775 -0.0213886 0.0162202 -0.0235149 -2.9831e-05 -0.00670064
internal_weight=1949.38 1437.06 512.317 584.726 494.975 852.334 455.838
internal_count=167995 72708 95287 24950 92344 47758 31477
cat_boundaries=0 2 4
cat_threshold=1150232066 21586 2215116800 1051140
is_linear=0
shrinkage=0.05


Tree=33
num_leaves=8
num_cat=4
split_feature=4 8 16 3 16 16 15
split_gain=78.1733 43.1155 32.5426 32.1593 30.5014 26.1066 23.8835
threshold=8.5000000000000018 1.5000000000000002 0 43.500000000000007 1 2 3
decision_type=8 8 9 10 9 9 9
left_child=1 2 -1 4 -2 -5 -4
right_child=3 -3 6 5 -6 -7 -8
leaf_value=-0.01664968322468777 -0.0082721398020529184 -0.0159274145272949 0.014326937600766868 0.046566023523422706 0.016749449867527487 -0.00049857559482168682 -0.015368785755656564
leaf_weight=152.82636863877997 188.8492371509783 721.73656378500164 365.6828780467622 94.128560885321349 300.30658399220556 49.643107634503394 70.864617046900094
leaf_count=14971 9488 91012 26335 3614 13226 2405 6635
internal_value=-0.000816048 -0.00777663 0.00225469 0.0135508 0.00727492 0.033941 0.00915604
internal_weight=1944.04 1311.11 589.374 632.927 489.156 143.772 436.547
internal_count=167686 138953 47941 28733 22714 6019 32970
cat_boundaries=0 2 4 6 7
cat_threshold=2819637658 954918 2318405941 3842679 381298218 1602769 20
is_linear=0
shrinkage=0.05


Tree=34
num_leaves=8
num_cat=3
split_feature=0 6 8 16 16 16 8
split_gain=121.631 34.7397 32.1254 31.3455 28.7583 28.7248 25.2457
threshold=719.50000000000011 8.4990000000000006 1.5000000000000002 0 1 2 1.5000000000000002
decision_type=10 2 8 9 9 9 8
left_child=1 3 4 -1 -2 -3 -5
right_child=2 5 -4 6 -6 -7 -8
leaf_value=-0.0084771886411994374 0.017512526898350422 -0.0027742842641761169 -0.032460665878718362 0.017021050028620602 -0.019148195049114844 0.039485837132636079 0.00046863090828223799
leaf_weight=358.30576232634485 70.537954158615321 63.21070107864216 287.40186418965459 459.16426469944417 132.72831874992698 117.79746737889946 457.90071756532416
leaf_count=23255 10789 1815 60843 16503 22568 2928 29179
internal_value=-0.000431728 0.00682886 -0.0218338 0.00386834 -0.00638963 0.0270238 0.00870915
internal_weight=1947.05 1456.38 490.668 1275.37 203.266 181.008 917.065
internal_count=167880 73680 94200 68937 33357 4743 45682
cat_boundaries=0 2 4 6
cat_threshold=3089127889 4098088 3427747396 1334092 3226640712 1577855
is_linear=0
shrinkage=0.05


Tree=35
num_leaves=8
num_cat=3
split_feature=0 8 13 16 16 6 0
split_gain=102.841 41.8839 35.054 38.6354 33.1232 26.2844 25.1127
threshold=694.50000000000011 1.5000000000000002 0 1 2 8.1025000000000009 604.50000000000011
decision_type=10 8 9 9 9 2 8
left_child=2 4 3 6 5 -2 -1
right_child=1 -3 -4 -5 -6 -7 -8
leaf_value=0.06525448126866952 0.0081963043387630035 -0.02569134329401869 -0.0010185530398021589 0.0070517878543173334 -0.014629800366794912 0.067812510293128056 0.024181884233814024
leaf_weight=44.698971351608634 107.54714889358729 389.4364159097895 526.19704349106178 482.94179725460708 169.63147527491674 17.823192683979869 208.09713492356241
leaf_count=647 14240 76205 24260 19066 25181 1803 6701
internal_value=0.000508236 -0.0150333 0.00896361 0.0158611 -0.000769839 0.0175975 0.0313528
internal_weight=1946.37 684.438 1261.93 735.738 295.002 125.37 252.796
internal_count=168103 117429 50674 26414 41224 16043 7348
cat_boundaries=0 1 3 5
cat_threshold=8 380305408 529554 2620196450 1334100
is_linear=0
shrinkage=0.05


Tree=36
num_leaves=8
num_cat=4
split_feature=2 6 16 16 16 8 16
split_gain=72.8382 47.4986 38.3961 23.4452 22.4644 18.3773 13.4724
threshold=69.500000000000014 8.1275000000000031 0 1 2 1.5000000000000002 3
decision_type=10 2 9 9 9 8 9
left_child=3 2 5 -1 -3 -2 -7
right_child=1 4 -4 -5 -6 6 -8
leaf_value=0.0011042863015248781 0.0175388410979101 0.052844655036289392 -0.0089634296254407757 -0.022602623516381162 0.014991234348858346 0.021907758179911679 -0.003234812670937481
leaf_weight=152.63984167808667 336.86420323466882 45.938699576538056 486.18928457470611 351.40617179637775 230.6185211725533 49.391339146532118 295.4523630910553
leaf_count=18673 18197 1633 41368 47490 9833 3727 27243
internal_value=0.000366385 0.00607977 0.0016284 -0.0159055 0.0245151 0.00918938 0.0011617
internal_weight=1948.5 1444.45 1167.9 504.046 276.557 681.708 344.844
internal_count=168164 102001 90535 66163 11466 49167 30970
cat_boundaries=0 2 4 6 8
cat_threshold=2514060576 1078238 1819171407 2104341 103284738 312384 2215182336 1065216
is_linear=0
shrinkage=0.05


Tree=37
num_leaves=8
num_cat=4
split_feature=0 15 13 6 16 16 6
split_gain=113.056 35.5894 39.3918 35.7211 38.7892 26.4038 24.9172
threshold=738.50000000000011 0 1 7.2475000000000014 2 3 8.740000000000002
decision_type=10 9 9 2 9 9 2
left_child=1 2 3 4 -1 -5 -2
right_child=6 -3 -4 5 -6 -7 -8
leaf_value=-0.014035069932070163 -0.027641306634010973 -0.011953680276760449 -0.0013680791834080176 -0.010256745116896273 0.016807760018543352 0.032193283569985708 0.043899379850369735
leaf_weight=144.94287956622429 353.23784277914092 238.78513985220343 577.74299246701412 39.637818034505472 273.34040748607367 306.22081003012136 8.2682514917105419
leaf_count=10277 73967 14854 39084 2001 15317 11585 910
internal_value=-0.0004016 0.00538429 0.0085279 0.0158922 0.00614611 0.0278766 -0.0254285
internal_weight=1942.18 1580.67 1341.88 764.142 418.283 345.859 361.506
internal_count=167995 93118 78264 39180 25594 13586 74877
cat_boundaries=0 1 2 4 6
cat_threshold=20 8 4167066779 3572578 2148553029 2605
is_linear=0
shrinkage=0.05


Tree=38
num_leaves=8
num_cat=2
split_feature=0 0 1 16 3 6 16
split_gain=85.4832 36.9903 34.8006 30.3755 30.8343 20.7839 15.1673
threshold=747.50000000000011 627.50000000000011 69.500000000000014 0 40.500000000000007 8.6125000000000025 1
decision_type=10 8 10 9 10 2 9
left_child=1 -1 6 -4 -5 -2 -3
right_child=5 2 3 4 -6 -7 -8
leaf_value=0.016743492992835469 -0.026989425103414268 0.0012031196841758626 0.02014612715491558 -0.0078251974589721319 0.01414642715919303 0.034312862273652121 -0.023693969985470052
leaf_weight=436.92759024351835 291.76991062611341 96.891452005598694 216.52967993845232 487.16752310702577 231.37791481567547 10.359456955920903 174.53922944399528
leaf_count=9516 63574 10362 13215 35147 14674 1174 20312
internal_value=-0.000144834 0.00436785 -0.000164503 0.00442201 -0.000691716 -0.0243631 -0.0157592
internal_weight=1945.56 1643.43 1206.51 935.075 718.545 302.129 271.431
internal_count=167974 103226 93710 63036 49821 64748 30674
cat_boundaries=0 2 4
cat_threshold=1158177862 1066402 1618891298 2242772
is_linear=0
shrinkage=0.05


Tree=39
num_leaves=8
num_cat=1
split_feature=0 13 5 4 0 0 1
split_gain=88.2532 35.999 31.3179 24.8625 18.2412 16.768 14.1977
threshold=747.50000000000011 0 92500.000000000015 25.500000000000004 591.50000000000011 591.50000000000011 62.500000000000007
decision_type=10 9 2 8 8 8 10
left_child=1 2 4 -4 -1 -3 -7
right_child=-2 5 3 -5 -6 6 -8
leaf_value=0.059325698978789969 -0.02561690653568079 0.021073201913470684 -0.00018617197718299582 0.027103466096043884 0.01883579308308074 -0.02299792015206081 -0.0035143682353835689
leaf_weight=27.954761853441596 293.46832183259539 53.379575107246637 543.20600142935291 93.599613313563168 273.90421305620112 108.76529310550541 540.38526356592774
leaf_count=415 64488 1279 35714 2901 12647 12120 37785
internal_value=-0.000603127 0.0039339 0.0102539 0.00400484 0.0234911 -0.00460302 -0.00692967
internal_weight=1934.66 1641.19 938.665 636.806 301.859 702.53 649.151
internal_count=167349 102861 51677 38615 13062 51184 49905
cat_boundaries=0 1
cat_threshold=8
is_linear=0
shrinkage=0.05


Tree=40
num_leaves=8
num_cat=3
split_feature=0 8 0 16 16 1 15
split_gain=82.7015 44.2372 33.386 22.9045 22.3335 18.7159 16.7701
threshold=754.50000000000011 1.5000000000000002 665.50000000000011 0 1 55.500000000000007 2
decision_type=10 8 10 9 9 10 9
left_child=1 3 -3 6 -4 -5 -1
right_child=-2 2 4 5 -6 -7 -8
leaf_value=0.023942377622445332 -0.027463867083949323 0.0042684909333344382 0.0029959633294206756 -0.026890830308019361 -0.022866932123092376 0.0063658210919053885 -0.0026198367337744092
leaf_weight=348.19963147770613 247.52529099304229 466.2556269634515 120.57063923054375 42.795323953963816 269.90609832154587 365.59193969843909 75.512405779678375
leaf_count=13719 56141 17731 15414 3572 39641 17957 3765
internal_value=-0.000772621 0.00320893 -0.00475462 0.0113877 -0.0154466 0.00253637 0.0192808
internal_weight=1936.36 1688.83 856.732 832.099 390.477 408.387 423.712
internal_count=167940 111799 72786 39013 55055 21529 17484
cat_boundaries=0 2 4 5
cat_threshold=336306790 9428 2217568482 1328048 20
is_linear=0
shrinkage=0.05


Tree=41
num_leaves=8
num_cat=5
split_feature=6 16 16 13 12 6 14
split_gain=58.3362 38.4709 26.3694 25.3608 24.6783 16.112 16.3014
threshold=7.9945000000000013 0 1 2 3 5.3550000000000013 4
decision_type=2 9 9 9 1 2 9
left_child=1 -1 -2 4 -3 -6 -7
right_child=2 3 -4 -5 5 6 -8
leaf_value=-0.013749034714228479 0.02824544765164775 0.065016979021671722 0.0034921126365182048 -0.0067772027715539505 -0.023508218002710881 -0.0013704817046127789 0.018181719100997321
leaf_weight=607.65669405576773 213.51666732039303 14.787075064843521 228.58698947960511 397.73379511246458 33.317759765777737 176.02895819116384 262.7537909753155
leaf_count=68585 11098 1195 12197 39991 3865 12573 18177
internal_value=0.000491353 -0.00424254 0.0163389 0.0024551 0.00997403 0.00779573 0.0104108
internal_weight=1934.38 1492.28 442.104 884.621 486.888 472.101 438.783
internal_count=167681 144386 23295 75801 35810 34615 30750
cat_boundaries=0 2 4 5 6 7
cat_threshold=733225145 950372 1568235538 322676 8 1 4
is_linear=0
shrinkage=0.05


Tree=42
num_leaves=8
num_cat=3
split_feature=0 3 0 16 16 16 6
split_gain=75.2565 37.3378 27.7295 28.2704 26.4177 24.9097 20.8097
threshold=752.50000000000011 40.500000000000007 674.50000000000011 0 1 2 8.740000000000002
decision_type=10 10 10 9 9 9 2
left_child=1 2 5 -4 -3 -1 -2
right_child=6 4 3 -5 -6 -7 -8
leaf_value=-0.0076409654873508927 -0.027751669561111476 -0.0025249214612392476 0.011977825084794893 -0.017774806838596866 0.022008057403400064 0.011227181174983029 0.044233611242936337
leaf_weight=258.2422991511412 246.44634852698073 158.43405312066898 94.54221257311292 331.1958673922345 359.78052716632374 482.88191426033154 6.110145376995205
leaf_count=10300 58253 10795 11352 42930 19395 14325 666
internal_value=-8.15484e-06 0.00382869 -0.00114306 -0.01124 0.0149275 0.00469356 -0.0251852
internal_weight=1937.63 1685.08 1166.86 425.738 518.215 741.124 252.556
internal_count=168016 109097 78907 54282 30190 24625 58919
cat_boundaries=0 2 4 6
cat_threshold=1162733636 3148036 574911957 2526084 2339717277 1999109
is_linear=0
shrinkage=0.05


Tree=43
num_leaves=8
num_cat=1
split_feature=0 15 8 4 0 0 6
split_gain=75.3877 27.8904 33.9271 23.1876 19.351 18.9576 14.331
threshold=720.50000000000011 0 1.5000000000000002 17.500000000000004 659.50000000000011 610.50000000000011 8.6125000000000025
decision_type=10 9 8 8 8 8 2
left_child=1 2 5 6 -4 -1 -2
right_child=3 -3 4 -5 -6 -7 -8
leaf_value=0.03425241088915322 -0.025576160688604656 -0.011180321499110435 0.0068199976881490459 0.009341370699216426 -0.010605956767024549 0.01164434349492019 0.023191254857405013
leaf_weight=110.51383906416595 350.03993861377239 219.43690428929403 378.35639248974621 59.471685763914138 267.60454987920821 534.23012145189568 12.003307686652986
leaf_count=1626 83306 11738 12954 8238 28167 20148 1418
internal_value=-0.000385298 0.00484297 0.00762719 -0.0189536 -0.000425129 0.0157533 -0.0236654
internal_weight=1931.66 1510.14 1290.7 421.515 645.961 644.744 362.043
internal_count=167595 74633 62895 92962 41121 21774 84724
cat_boundaries=0 1
cat_threshold=20
is_linear=0
shrinkage=0.05


Tree=44
num_leaves=8
num_cat=3
split_feature=0 1 5 16 16 6 16
split_gain=70.5651 29.956 30.4142 29.9011 27.2729 21.1851 19.1299
threshold=747.50000000000011 62.500000000000007 97500.000000000015 0 1 8.740000000000002 2
decision_type=10 10 2 9 9 2 9
left_child=1 4 6 -4 -1 -2 -3
right_child=5 2 3 -5 -6 -7 -8
leaf_value=0.017911941294807526 -0.025823138030617133 0.023644162836002406 0.012838046538141846 -0.0055177023123088535 -0.020640355879993074 0.042836292790041565 0.0031431213553067988
leaf_weight=48.969282963778824 259.43659618473612 324.83068686816841 342.31092867162079 571.35835719434544 180.16443686652929 7.3451071362942448 194.02234585746191
leaf_count=4399 63820 14148 19255 37127 18522 748 9698
internal_value=0.000445634 0.00429685 0.0069869 0.0014715 -0.0123111 -0.0231795 0.0165924
internal_weight=1928.44 1661.66 1432.52 913.669 229.134 266.782 518.853
internal_count=167717 103149 80228 56382 22921 64568 23846
cat_boundaries=0 2 4 6
cat_threshold=2370647651 281956 3429781536 1052689 1470865432 3175443
is_linear=0
shrinkage=0.05


Tree=45
num_leaves=8
num_cat=1
split_feature=1 5 1 8 5 14 6
split_gain=49.079 24.0993 22.995 16.8994 23.1823 10.452 19.9404
threshold=72.500000000000014 97500.000000000015 92.500000000000014 1.5000000000000002 43500.000000000007 0 7.4945000000000013
decision_type=10 2 10 8 2 9 2
left_child=3 -2 5 4 -1 -3 -7
right_child=1 2 -4 -5 -6 6 -8
leaf_value=0.036959655427828551 0.014453108056758104 -0.011061071119584105 0.01537509414901362 -0.019725547059084345 -0.0078209950318121804 -0.0046728428159419216 0.021172930185677299
leaf_weight=27.880838675890118 483.09052195539698 280.99627008358948 198.68767321109772 307.47442079614848 234.8059097614605 313.35150586650707 92.501893570180982
leaf_count=2377 25696 25597 8432 51479 23296 27176 4284
internal_value=0.000398976 0.00553244 0.000612087 -0.0118645 -0.00246653 -0.00373872 0.00140389
internal_weight=1938.79 1368.63 885.537 570.161 262.687 686.85 405.853
internal_count=168337 91185 65489 77152 25673 57057 31460
cat_boundaries=0 1
cat_threshold=4
is_linear=0
shrinkage=0.05


Tree=46
num_leaves=8
num_cat=1
split_feature=0 0 3 0 1 8 12
split_gain=55.7083 27.8795 25.494 20.251 19.6942 15.9019 14.5404
threshold=747.50000000000011 562.50000000000011 41.500000000000007 675.50000000000011 94.500000000000014 1.5000000000000002 0
decision_type=10 8 10 10 10 8 1
left_child=1 -1 3 -3 -4 -2 -5
right_child=5 2 4 6 -6 -7 -8
leaf_value=0.039936038175434639 -0.0073615403012996213 0.0026559706488766175 0.0065307055071419529 0.025326447052828813 0.032761364040289301 -0.032544533779061927 -0.013360312121427926
leaf_weight=44.277219526469707 113.89987489092164 768.64743036683649 365.85868724598549 21.351369871990755 85.206107886973768 145.23727614060044 386.99218589649536
leaf_count=890 23595 25640 22947 2385 2679 41031 48607
internal_value=-0.000482566 0.0028797 0.00175271 -0.00212774 0.0117905 -0.0218246 -0.0110556
internal_weight=1931.47 1672.33 1628.06 1176.99 451.065 259.137 408.344
internal_count=167774 103148 102258 76632 25626 64626 50992
cat_boundaries=0 1
cat_threshold=1
is_linear=0
shrinkage=0.05


Tree=47
num_leaves=8
num_cat=1
split_feature=0 15 8 3 0 6 1
split_gain=53.5233 30.4584 31.591 20.2544 16.1945 13.7765 13.4552
threshold=747.50000000000011 0 1.5000000000000002 45.500000000000007 659.50000000000011 8.740000000000002 76.500000000000014
decision_type=10 9 8 10 10 2 10
left_child=1 2 -1 4 -4 -2 -6
right_child=5 -3 3 -5 6 -7 -8
leaf_value=0.013878921736635966 -0.023001786522398992 -0.012230130884121296 0.0029596353644303248 0.019099411149409481 -0.025874417183037457 0.031819978640073153 -0.0037233070942437304
leaf_weight=714.15254018758424 246.80728460708633 244.16002385620959 338.86019668541849 102.71828220994212 115.60255090799183 7.7793944492004803 163.53202740568668
leaf_count=29139 64041 16615 11694 7542 20027 761 18063
internal_value=0.000388506 0.00364516 0.00641998 -0.00092731 -0.00438257 -0.020746 -0.013191
internal_weight=1933.61 1679.03 1434.87 720.713 617.995 254.587 279.135
internal_count=167882 103080 86465 57326 49784 64802 38090
cat_boundaries=0 1
cat_threshold=20
is_linear=0
shrinkage=0.05


Tree=48
num_leaves=8
num_cat=4
split_feature=0 16 13 5 16 16 0
split_gain=53.9304 31.5061 32.1351 21.6134 18.0936 17.0664 16.3917
threshold=755.50000000000011 0 1 99500.000000000015 2 3 654.50000000000011
decision_type=10 9 9 2 9 9 10
left_child=1 6 3 4 -3 -2 -1
right_child=5 2 -4 -5 -6 -7 -8
leaf_value=0.0023395412631768576 0.012423502922289912 -0.0012104195902729908 -0.0018075238415302779 0.007719737144055723 0.032447801028953172 -0.027932648823399943 -0.014118031005359867
leaf_weight=291.60003264527768 25.750389274442568 56.651356885675341 478.12015215936117 380.91791980015114 204.71041119284928 182.6672353411559 306.73221492301673
leaf_count=8558 6151 2690 35385 22106 7681 48752 36509
internal_value=0.000211167 0.00314615 0.00804144 0.0152471 0.0264392 -0.023499 -0.00604426
internal_weight=1927.15 1718.73 1120.4 642.28 261.362 208.418 598.332
internal_count=167832 112929 67862 32477 10371 54903 45067
cat_boundaries=0 2 3 5 7
cat_threshold=2854230808 168673 8 1336548 2099468 3427271748 1067076
is_linear=0
shrinkage=0.05


Tree=49
num_leaves=8
num_cat=0
split_feature=0 6 6 0 1 3 3
split_gain=51.5599 30.8347 19.4218 17.2774 17.617 15.8141 12.8587
threshold=755.50000000000011 7.8600000000000003 8.6125000000000025 645.50000000000011 65.500000000000014 28.500000000000004 49.500000000000007
decision_type=10 2 2 8 10 10 10
left_child=1 3 -2 -1 -5 -3 -6
right_child=2 5 -4 4 6 -7 -8
leaf_value=0.0068659432376250804 -0.026234907254987002 -0.00060652427038240418 0.036675510075363613 -0.02034524477552159 -0.0038681840518781582 0.019228051261424409 0.020317886751660436
leaf_weight=460.13395692780614 195.37896972498856 137.13249426614493 8.7931852452456933 151.02788851107471 555.01384370378219 368.0852108807303 55.958208508556709
leaf_count=12161 54048 6946 974 23144 51187 15248 4384
internal_value=0.000737355 0.0035668 -0.0227136 -0.000740373 -0.00534827 0.0138911 -0.00150607
internal_weight=1931.52 1727.35 204.172 1222.13 762 505.218 610.972
internal_count=168092 113070 55022 90876 78715 22194 55571
is_linear=0
shrinkage=0.05


Tree=50
num_leaves=8
num_cat=1
split_feature=0 8 3 13 5 0 1
split_gain=48.3504 32.8043 16.8178 16.5387 19.7225 13.2814 12.3751
threshold=758.50000000000011 1.5000000000000002 45.500000000000007 0 49500.000000000007 651.50000000000011 67.500000000000014
decision_type=10 8 10 9 2 8 10
left_child=1 3 5 4 -1 -3 -7
right_child=-2 2 -4 -5 -6 6 -8
leaf_value=0.045319318011804555 -0.023656923265839101 0.00027826610688982533 0.012336742666855666 0.00072766543654605512 0.012018415802249983 -0.029088451888084732 -0.0081072411185530279
leaf_weight=45.039017592556775 185.2715080936905 339.15287627372891 128.21969393757172 340.56912583601661 495.62488194764592 89.327750399243087 303.32177139562555
leaf_count=1430 51270 10440 9915 18808 20229 18159 37369
internal_value=0.000278394 0.00288558 -0.00405102 0.00963989 0.0149091 -0.00698657 -0.0131862
internal_weight=1926.53 1741.26 860.022 881.233 540.664 731.802 392.65
internal_count=167620 116350 75883 40467 21659 65968 55528
cat_boundaries=0 1
cat_threshold=8
is_linear=0
shrinkage=0.05


Tree=51
num_leaves=8
num_cat=5
split_feature=0 4 16 16 14 12 16
split_gain=44.9579 28.3644 24.5897 19.3749 17.4229 16.0415 15.567
threshold=764.50000000000011 25.500000000000004 0 1 2 3 4
decision_type=10 8 9 9 9 1 9
left_child=1 2 5 -3 6 -1 -4
right_child=-2 3 4 -5 -6 -7 -8
leaf_value=0.043356001969076269 -0.025575672508130406 0.027924883353258847 0.01721530136479402 0.00030790664688794901 -0.0093606268563415067 0.0061158100307492358 -0.0050689137780640624
leaf_weight=25.966496451292187 153.43685824144632 148.90184690617025 126.52296384749934 114.60087245167233 699.04419541545212 496.90656050248072 166.75778605183586
leaf_count=1642 43589 4844 9201 3960 56798 33729 14324
internal_value=-5.07887e-05 0.0022166 -0.000436193 0.0171948 -0.00503834 0.00820296 0.00507926
internal_weight=1932.14 1778.7 1515.2 263.503 992.325 522.873 293.281
internal_count=168087 124498 115694 8804 80323 35371 23525
cat_boundaries=0 2 4 5 6 8
cat_threshold=223023138 3163743 1980097110 554016 1 1 3531637060 401568
is_linear=0
shrinkage=0.05


Tree=52
num_leaves=8
num_cat=3
split_feature=0 15 13 1 6 14 6
split_gain=37.8847 27.3198 20.9629 20.9676 20.2218 16.9273 16.7483
threshold=758.50000000000011 0 1 94.500000000000014 5.4925000000000006 2 8.6125000000000025
decision_type=10 9 9 10 2 9 2
left_child=1 2 3 4 -1 -6 -2
right_child=6 -3 -4 -5 5 -7 -8
leaf_value=-0.023197373333776597 -0.025256261131857416 -0.01248484999207565 -0.0021150624340453114 0.027415596871836298 -0.003760006977945879 0.013575820092281227 0.035573348796751135
leaf_weight=48.78024563845247 169.56464612181298 253.53852394851856 630.24003874510527 138.54160834755749 193.70730046881363 493.3293960003648 7.8092833003029218
leaf_count=4724 50463 18883 49331 3865 12097 27827 884
internal_value=1.81604e-05 0.00226212 0.00483094 0.00978886 0.00643955 0.0086962 -0.0216762
internal_weight=1935.51 1758.14 1504.6 874.359 735.817 687.037 177.374
internal_count=168074 116727 97844 48513 44648 39924 51347
cat_boundaries=0 1 2 3
cat_threshold=20 8 4
is_linear=0
shrinkage=0.05


Tree=53
num_leaves=8
num_cat=0
split_feature=1 5 6 0 0 3 5
split_gain=41.002 24.8061 19.2283 16.5668 16.1837 15.0352 11.3931
threshold=61.500000000000007 97500.000000000015 8.8875000000000011 718.50000000000011 608.50000000000011 27.500000000000004 275500.00000000006
decision_type=10 2 2 10 8 8 2
left_child=4 5 3 6 -1 -2 -3
right_child=1 2 -4 -5 -6 -7 -8
leaf_value=0.014642276255729331 -0.0014705760647453462 -0.0015048361340526146 0.032560497341939852 -0.016529413078466785 -0.021815478741292305 0.015775019999566767 0.026822714984829788
leaf_weight=30.956200404092669 178.24703204585239 786.59231640491635 33.737018510699272 187.7816206747666 255.64954229537398 422.75965400924906 32.161424746969715
leaf_count=858 13214 38168 629 44786 45693 22202 2117
internal_value=-0.000414403 0.00264762 -0.00202791 -0.00334246 -0.0176941 0.0106904 -0.000236049
internal_weight=1927.88 1641.28 1040.27 1006.54 286.606 601.007 818.754
internal_count=167667 121116 85700 85071 46551 35416 40285
is_linear=0
shrinkage=0.05


Tree=54
num_leaves=8
num_cat=3
split_feature=0 3 16 0 12 16 0
split_gain=40.8058 23.7211 34.2532 23.2473 17.8302 21.4844 21.2308
threshold=758.50000000000011 39.500000000000007 0 562.50000000000011 1 2 683.50000000000011
decision_type=10 8 9 10 1 9 10
left_child=1 3 -3 -1 5 -5 -6
right_child=-2 2 -4 4 6 -7 -8
leaf_value=0.030197811120214937 -0.023973709451268879 -0.0030761281901067797 0.019614096705912028 -0.016317789029441775 -0.0012389815900740876 0.042141428727184231 -0.016795819739496409
leaf_weight=45.04701103689149 170.50353718549013 317.42490736534819 332.89781452598982 18.373727430356666 704.53107696492225 27.138179366011173 314.0299618775025
leaf_count=1317 51160 20103 17678 1622 25099 1631 49154
internal_value=-0.000982626 0.00130701 0.00885231 -0.00313699 -0.00468283 0.024374 -0.00609389
internal_weight=1929.95 1759.44 650.323 1109.12 1064.07 45.5119 1018.56
internal_count=167764 116604 37781 78823 77506 3253 74253
cat_boundaries=0 2 3 5
cat_threshold=570710005 2796329 1 1090707962 809156
is_linear=0
shrinkage=0.05


Tree=55
num_leaves=8
num_cat=4
split_feature=1 16 16 3 16 4 16
split_gain=31.7517 25.5382 24.2336 20.858 14.0194 14.2809 12.8473
threshold=61.500000000000007 0 1 33.500000000000007 2 25.500000000000004 3
decision_type=10 9 9 10 9 8 9
left_child=1 -1 -2 6 5 -5 -4
right_child=2 -3 3 4 -6 -7 -8
leaf_value=0.0088886207721607935 0.018632170705727293 -0.024441367503861902 0.0017757557623090698 -0.0080990733525918967 0.010189217743599323 0.017343861035772783 -0.012535433982285522
leaf_weight=73.027726594591513 175.23446917207912 205.83688872610219 257.30402939300984 270.70961320307106 486.89502209960483 64.053503112867475 388.79534067655914
leaf_count=11298 8866 35408 21982 21962 29010 2396 36873
internal_value=-0.00081493 -0.0162581 0.00184762 -0.000336956 0.00493382 -0.00296011 -0.0070315
internal_weight=1921.86 278.865 1642.99 1467.76 821.658 334.763 646.099
internal_count=167795 46706 121089 112223 53368 24358 58855
cat_boundaries=0 2 4 6 8
cat_threshold=2892908652 1185873 67698688 1066752 2019752220 170152 811654788 6376
is_linear=0
shrinkage=0.05


Tree=56
num_leaves=8
num_cat=1
split_feature=3 0 15 5 1 2 7
split_gain=32.4755 34.5063 23.3266 17.7898 15.2323 12.9102 10.622
threshold=43.500000000000007 696.50000000000011 0 68500.000000000015 79.500000000000014 94.500000000000014 1.5000000000000002
decision_type=10 10 9 2 10 10 10
left_child=1 2 -1 4 -3 -2 -5
right_child=5 3 -4 6 -6 -7 -8
leaf_value=0.0043576027495810261 0.0077707884766979006 -0.010401150831234439 -0.016528047476621167 -0.021352585863913118 0.032590364998629759 0.029675839709002862 0.026185762456878498
leaf_weight=937.39332778379321 330.8109879065305 50.215007895836607 140.68020417820662 345.6912998452317 28.107252198969945 81.605833280365914 8.0868904867675138
leaf_count=35764 25770 12315 6168 79689 3658 3016 1563
internal_value=6.0117e-05 -0.00334202 0.0014561 -0.0151928 0.00605694 0.0124087 -0.0199161
internal_weight=1922.59 1510.17 1078.07 432.1 78.3223 412.417 353.778
internal_count=167943 139157 41932 97225 15973 28786 81252
cat_boundaries=0 1
cat_threshold=20
is_linear=0
shrinkage=0.05


Tree=57
num_leaves=8
num_cat=4
split_feature=8 3 16 16 16 13 6
split_gain=30.1554 22.2339 22.1908 21.1632 20.8302 19.2869 15.2693
threshold=1.5000000000000002 44.500000000000007 0 1 2 3 7.705000000000001
decision_type=8 10 9 9 9 9 2
left_child=2 4 6 -3 -2 -4 -1
right_child=1 3 5 -5 -6 -7 -8
leaf_value=-0.0190753581809332 -0.017235376591665953 -0.0090821988959939055 0.016112717598343148 0.025059116793572679 -0.00091098651435218825 -6.1496236412212285e-05 0.0099973564875694282
leaf_weight=125.59240726754069 412.62211075029336 74.182834782171994 473.30476643214934 86.272162458626553 375.28273366042413 305.75927293323912 65.173104122513905
leaf_count=12427 53311 7179 21933 6989 40322 21973 3463
internal_value=3.15539e-05 -0.00629139 0.00621508 0.0104428 -0.00974363 0.00988357 -0.00869704
internal_weight=1918.19 948.36 969.83 160.455 787.905 779.064 190.766
internal_count=167597 107801 59796 14168 93633 43906 15890
cat_boundaries=0 2 4 6 7
cat_threshold=3258980632 3588134 805425759 560070 1526112569 697408 8
is_linear=0
shrinkage=0.05


Tree=58
num_leaves=8
num_cat=3
split_feature=1 3 16 16 5 16 5
split_gain=35.7514 26.1473 25.7223 24.7555 16.6149 16.6024 12.936
threshold=62.500000000000007 23.500000000000004 0 1 97500.000000000015 2 314500.00000000006
decision_type=10 10 9 9 2 9 2
left_child=2 5 -1 -3 -5 -2 -6
right_child=1 3 -4 4 6 -7 -8
leaf_value=0.013560635808486566 0.006790703615017742 0.014504359207751212 -0.021340887043657667 0.011318559125063679 -0.0055752135744624827 -0.018255570402318479 0.046225300993635504
leaf_weight=58.785092344973236 96.457452185219154 627.13607109733857 230.0375338094309 252.86003123642877 482.64938687579706 170.09546723542735 7.3942590346559873
leaf_count=8615 8359 38884 40129 13814 39353 17971 903
internal_value=0.00167615 0.00454705 -0.0143922 0.00733546 0.00101963 -0.00965612 -0.00433461
internal_weight=1925.42 1636.59 288.823 1370.04 742.904 266.553 490.044
internal_count=168028 119284 48744 92954 54070 26330 40256
cat_boundaries=0 2 4 6
cat_threshold=3429777486 6164 2273904160 1853034 2490966050 32272
is_linear=0
shrinkage=0.05


Tree=59
num_leaves=8
num_cat=3
split_feature=0 16 6 16 3 16 2
split_gain=35.2281 19.0712 14.411 21.9046 13.5613 11.6545 11.3414
threshold=754.50000000000011 0 7.3725000000000014 1 36.500000000000007 2 52.500000000000007
decision_type=10 9 2 9 10 9 10
left_child=1 2 3 -1 -2 -6 -3
right_child=4 6 -4 -5 5 -7 -8
leaf_value=0.033292100570640727 -0.029176829486898811 -0.016762583104640471 0.023196844001045509 -0.0039055021307808635 0.019023744693262012 -0.018750753287155014 0.00063741304199844203
leaf_weight=34.404435735195875 128.37503963103518 96.147243124432862 161.91693705087528 189.70312013546936 26.926611199975014 24.841273336205631 1259.6870347235817
leaf_count=1847 41623 11778 6523 12692 7108 7385 78688
internal_value=-6.75633e-06 0.0021913 0.011763 0.00368957 -0.0207457 0.00089042 -0.000648774
internal_weight=1922 1741.86 386.024 224.108 180.143 51.7679 1355.83
internal_count=167644 111528 21062 14539 56116 14493 90466
cat_boundaries=0 2 3 5
cat_threshold=2219532322 279680 67780608 294487048 1063133
is_linear=0
shrinkage=0.05


Tree=60
num_leaves=8
num_cat=3
split_feature=1 16 16 3 5 0 16
split_gain=29.4951 24.1802 22.1564 19.6292 15.7385 10.8951 11.0893
threshold=62.500000000000007 0 1 23.500000000000004 51500.000000000007 693.50000000000011 2
decision_type=10 9 9 8 2 8 9
left_child=1 -1 3 -2 -4 6 -3
right_child=2 5 4 -5 -6 -7 -8
leaf_value=0.014653131132383876 -0.010299384110866299 0.0083757400177664337 0.02412286647859517 0.010602464333163144 -0.0059921724598057729 -0.032948020442055241 -0.020675043744164946
leaf_weight=49.238354885717854 127.15223834943026 44.712418955750763 41.374269874067977 773.92408650345169 691.32776434114203 113.74118198081851 74.036033699754626
leaf_count=7379 12167 2596 2288 47713 56784 33854 5054
internal_value=-0.000243732 -0.0150375 0.0023454 0.00752932 -0.0040843 -0.021225 -0.010834
internal_weight=1915.51 281.728 1633.78 901.076 732.702 232.49 118.748
internal_count=167835 48883 118952 59880 59072 41504 7650
cat_boundaries=0 2 4 6
cat_threshold=3429761092 7173 2275251200 1342922 49704 393240
is_linear=0
shrinkage=0.05


Tree=61
num_leaves=8
num_cat=3
split_feature=16 0 16 0 6 6 13
split_gain=27.0294 26.8169 17.3754 11.534 11.4451 8.66521 8.93431
threshold=0 764.50000000000011 1 562.50000000000011 8.4990000000000006 5.6050000000000013 2
decision_type=9 10 9 8 2 2 9
left_child=-1 2 -2 -4 -3 -5 -7
right_child=1 4 3 5 -6 6 -8
leaf_value=0.022644411116819193 -0.0092768733015563438 -0.027352967113320081 0.028800590834418445 -0.01074231744780689 0.024788989530351677 -0.0020765746860811514 0.0067791119921880045
leaf_weight=106.04288675286807 379.31246195733547 119.99670987948775 36.025049239397049 118.69850592059083 7.6593534373678258 476.11410306836478 681.20372589817271
leaf_count=5863 35873 40984 603 12411 1141 36658 34487
internal_value=-0.000243369 -0.00175062 -6.21579e-05 0.00267704 -0.023408 0.00185087 0.00318313
internal_weight=1925.05 1819.01 1691.35 1312.04 127.656 1276.02 1157.32
internal_count=168020 162157 120032 84159 42125 83556 71145
cat_boundaries=0 2 4 5
cat_threshold=2349334528 1049600 36852116 2263105 5
is_linear=0
shrinkage=0.05


Tree=62
num_leaves=8
num_cat=4
split_feature=16 1 3 15 16 16 0
split_gain=28.0451 22.8548 20.8961 17.0161 15.6303 15.2562 14.9066
threshold=0 60.500000000000007 43.500000000000007 1 2 3 682.50000000000011
decision_type=9 10 10 9 9 9 10
left_child=-1 5 3 6 -5 -2 -3
right_child=1 2 -4 4 -6 -7 -8
leaf_value=0.020133924464223567 0.010370029690393816 0.0047986249158737983 0.011985795299820044 0.016216015615849431 -0.021672639562356807 -0.020828432909811023 -0.0080714298252219097
leaf_weight=157.017826695228 42.291064358083531 692.02806891268119 343.33643095102161 23.712976965587586 151.17269649566151 189.43288223515265 327.25002729520202
leaf_count=9535 6580 21803 20699 2261 14286 35861 56850
internal_value=0.000861616 -0.00100851 0.00120875 -0.00192683 -0.0156601 -0.0154775 0.000641069
internal_weight=1926.24 1769.22 1537.5 1194.16 174.886 231.724 1019.28
internal_count=167875 158340 115899 95200 16547 42441 78653
cat_boundaries=0 2 3 5 7
cat_threshold=2215116864 1065986 20 9506818 5025 1214398496 6228
is_linear=0
shrinkage=0.05


Tree=63
num_leaves=8
num_cat=3
split_feature=2 16 16 3 14 5 2
split_gain=29.0653 18.8571 18.114 15.7816 11.1146 10.9479 10.7464
threshold=72.500000000000014 0 1 33.500000000000007 2 257500.00000000003 93.500000000000014
decision_type=10 9 9 10 9 2 10
left_child=1 -1 4 -4 -2 -5 -6
right_child=2 -3 3 5 6 -7 -8
leaf_value=0.0027261299033988018 0.020205405904353962 -0.017107187651448755 -0.011350749050593398 0.0018764945433218912 0.001092130156579765 0.035049299405462489 0.015879686347224527
leaf_weight=186.33593598240986 169.61032009241171 322.54427307774313 276.11433434183709 372.5008874272462 396.36866328655742 21.713254493195564 173.58837934513576
leaf_count=23825 9196 52132 23893 22568 27494 2088 6929
internal_value=1.5897e-05 -0.0101688 0.00371487 -0.00225614 0.0090149 0.00411974 0.00569482
internal_weight=1918.78 508.88 1409.9 670.328 739.567 394.214 569.957
internal_count=168125 75957 92168 48549 43619 24656 34423
cat_boundaries=0 2 4 5
cat_threshold=3093961295 3284508 3566055810 1332734 1
is_linear=0
shrinkage=0.05


Tree=64
num_leaves=8
num_cat=5
split_feature=0 15 16 16 0 12 16
split_gain=27.3065 19.555 25.0569 18.6121 16.3325 16.2615 24.4449
threshold=758.50000000000011 0 1 2 562.50000000000011 3 4
decision_type=10 9 9 9 10 1 9
left_child=1 2 -1 -2 -4 6 -6
right_child=3 -3 4 -5 5 -7 -8
leaf_value=0.01557388491700909 0.013312885875572609 -0.010764269818040934 0.02775659741927914 -0.026960519416226375 0.04512638684845361 -0.0021025674564858878 -0.016321457073528011
leaf_weight=346.9461140348576 29.923869034042582 245.75333374529146 47.493473120499402 122.96943533443846 28.427718416322023 1073.5389065290801 19.687250005081296
leaf_count=20463 9243 18951 1276 42060 1626 72588 1648
internal_value=0.000151768 0.0019317 0.00406235 -0.0197707 0.000492277 -0.000775847 0.0262372
internal_weight=1914.74 1761.85 1516.09 152.893 1169.15 1121.65 48.115
internal_count=167855 116552 97601 51303 77138 75862 3274
cat_boundaries=0 1 3 5 6 8
cat_threshold=20 1414316064 1590272 3429384708 1067073 1 45155972 294971
is_linear=0
shrinkage=0.05


Tree=65
num_leaves=8
num_cat=2
split_feature=8 0 15 3 12 3 3
split_gain=28.9334 34.5621 15.8378 12.7376 10.7515 13.7888 9.84597
threshold=1.5000000000000002 703.50000000000011 0 53.500000000000007 1 27.500000000000004 41.500000000000007
decision_type=8 10 9 10 1 8 10
left_child=2 3 4 -2 -1 -6 -4
right_child=1 -3 6 -5 5 -7 -8
leaf_value=0.033189673565504708 -0.0015005416691419539 -0.021664793074120638 -0.016847967506780137 0.03103144622826445 -0.0047025704176494459 0.011297224128523683 0.0093199097553930913
leaf_weight=39.870476512238383 665.53503185929731 247.11798082885798 104.04071311489679 26.502550957724452 169.14571319101378 612.7497080033645 49.733256932348013
leaf_count=2197 35984 70546 9366 1387 12954 31877 3428
internal_value=0.000433129 -0.00581544 0.00644763 -4.10251e-05 0.00914134 0.00782814 -0.00786262
internal_weight=1914.7 939.156 975.54 692.038 821.766 781.895 153.774
internal_count=167739 107917 59822 37371 47028 44831 12794
cat_boundaries=0 1 2
cat_threshold=20 1
is_linear=0
shrinkage=0.05


Tree=66
num_leaves=8
num_cat=3
split_feature=13 16 5 0 16 4 0
split_gain=23.8917 26.1371 22.5879 24.1739 15.0244 14.8577 12.7259
threshold=0 1 46500.000000000007 662.50000000000011 2 25.500000000000004 608.50000000000011
decision_type=9 9 2 10 9 8 8
left_child=1 2 3 -1 -2 -3 -4
right_child=4 5 6 -5 -6 -7 -8
leaf_value=0.013480606516160643 0.0022089476982833484 -0.0052806929737001145 0.02868841088073279 0.097924865893903978 -0.011442397068537101 0.016178753297699262 0.0070754591699441101
leaf_weight=21.948731248266995 346.65613994689193 491.94114914862439 77.960683787241578 11.123837816179728 462.68759645707905 91.338411842472851 416.929298775387
leaf_count=339 34857 46082 1002 1075 51874 2746 30089
internal_value=0.00081793 0.00554233 0.0134587 0.0510134 -0.00566149 -0.00178104 0.0107331
internal_weight=1920.59 1111.24 527.963 33.0726 809.344 583.28 494.89
internal_count=168064 81333 32505 1414 86731 48828 31091
cat_boundaries=0 1 3 5
cat_threshold=8 3736010858 1590364 84730500 2389579
is_linear=0
shrinkage=0.05


Tree=67
num_leaves=8
num_cat=2
split_feature=6 0 16 16 2 1 0
split_gain=22.4416 20.2476 18.1581 17.849 17.4315 15.453 16.93
threshold=8.740000000000002 764.50000000000011 0 1 89.500000000000014 81.500000000000014 665.50000000000011
decision_type=2 8 9 9 10 10 10
left_child=1 2 5 -2 -3 6 -1
right_child=3 4 -4 -5 -6 -7 -8
leaf_value=-0.0039304674499577048 -0.011237763375733938 -0.02668907732938261 0.0026032866781778912 0.026467071162993846 0.02030502208428088 0.0044896226818883873 -0.031221296722734316
leaf_weight=113.44604646228254 36.006863209418952 120.14593775337562 1297.5766619017813 112.328511192929 19.623255644692108 113.34672641451471 112.28199682803825
leaf_count=5140 995 40609 88517 2641 3344 5080 21288
internal_value=-0.000115115 -0.00169469 -0.000108975 0.0182398 -0.0196178 -0.0101558 -0.0178879
internal_weight=1924.76 1776.42 1636.65 148.335 139.769 339.075 225.728
internal_count=167614 163978 120025 3636 43953 31508 26428
cat_boundaries=0 2 4
cat_threshold=705717654 163840 1078206728 1049087
is_linear=0
shrinkage=0.05


Tree=68
num_leaves=8
num_cat=5
split_feature=13 16 5 16 14 15 6
split_gain=24.1875 25.9723 16.9925 15.3471 16.3242 13.1737 12.8855
threshold=0 1 48500.000000000007 2 3 4 8.740000000000002
decision_type=9 9 2 9 9 9 2
left_child=1 2 -1 4 -2 6 -3
right_child=3 5 -4 -5 -6 -7 -8
leaf_value=0.048429619607248037 0.02438210860925516 -9.6937527027623078e-05 0.011951978423525987 -0.012028092469666572 -0.00342574677334684 -0.014910167549958218 0.023778411681643578
leaf_weight=31.058838853845373 60.543918624520302 547.50611710711382 359.1154517485993 475.39221429009922 266.60387409024406 119.99978436832316 58.011215799022466
leaf_count=1230 6444 46141 21317 53466 26611 11415 1255
internal_value=0.000155605 0.0048909 0.0150508 -0.00639826 0.00195136 -0.000767195 0.0023283
internal_weight=1918.23 1115.69 390.174 802.54 327.148 725.517 605.517
internal_count=167879 81358 22547 86521 33055 58811 47396
cat_boundaries=0 1 3 5 6 7
cat_threshold=8 1525350472 1592336 1678535436 2386927 1 20
is_linear=0
shrinkage=0.05


Tree=69
num_leaves=8
num_cat=3
split_feature=1 16 8 14 16 1 6
split_gain=25.8021 17.3038 16.6616 20.8416 17.1353 14.2201 14.3137
threshold=62.500000000000007 0 1.5000000000000002 1 2 85.500000000000014 7.4945000000000013
decision_type=10 9 8 9 9 10 2
left_child=1 -1 -2 -4 -5 6 -6
right_child=2 -3 3 4 5 -7 -8
leaf_value=0.011996705869319058 0.0070946064486459128 -0.019520702468700961 -0.012059404800135128 -0.015114935586119847 -0.0028646642144789843 0.026880190296136926 0.02260171794421342
leaf_weight=45.61556173407007 861.77615878451616 221.83072743448429 345.39273534377571 79.910830226959661 216.44292651652358 80.53274299367331 68.657929064356722
leaf_count=7233 43803 41680 31071 8983 27153 3622 4407
internal_value=-3.99997e-05 -0.0142998 0.00230372 -0.00292803 0.00420603 0.00874745 0.00355199
internal_weight=1920.16 267.446 1652.71 790.937 445.544 365.634 285.101
internal_count=167952 48913 119039 75236 44165 35182 31560
cat_boundaries=0 2 3 5
cat_threshold=2284472398 1185793 4 1613033601 1212994
is_linear=0
shrinkage=0.05


Tree=70
num_leaves=8
num_cat=2
split_feature=8 0 2 14 3 14 5
split_gain=24.4278 23.4825 11.0391 11.9835 10.6029 10.1861 9.87559
threshold=1.5000000000000002 688.50000000000011 67.500000000000014 0 53.500000000000007 1 257500.00000000003
decision_type=8 8 10 9 10 9 2
left_child=-1 4 -3 -4 5 -2 -7
right_child=1 2 3 -5 -6 6 -8
leaf_value=0.0066380919172196852 0.010406777331857667 -0.029667282409865898 0.0077943618820739266 -0.016665744727512199 0.030559699255695419 -0.0060129763269345842 0.027300405130830679
leaf_weight=994.96005862625316 156.74840666214004 92.578101725550368 68.999835037393495 156.65614979621023 24.183581426274031 413.04344064276665 18.58826120942831
leaf_count=59907 8199 33353 15541 30917 1074 17876 1086
internal_value=0.00120731 -0.00460229 -0.0155065 -0.00917964 0.00114224 -0.000314194 -0.00428214
internal_weight=1925.76 930.798 318.234 225.656 612.564 588.38 431.632
internal_count=167953 108046 79811 46458 28235 27161 18962
cat_boundaries=0 1 2
cat_threshold=2 1
is_linear=0
shrinkage=0.05


Tree=71
num_leaves=8
num_cat=3
split_feature=16 0 3 12 5 6 16
split_gain=21.4296 16.1401 16.0499 17.5189 10.346 11.5467 14.5298
threshold=0 733.50000000000011 36.500000000000007 1 88500.000000000015 6.3775000000000004 2
decision_type=9 8 10 1 2 2 9
left_child=1 4 3 -2 -1 6 -6
right_child=2 -3 -4 -5 5 -7 -8
leaf_value=0.0067565364049876038 0.031607283922117008 -0.022538578204411089 0.010538527831060502 -0.0033585560511564931 0.025419877850511849 -0.012771535794011486 -0.0055048703389364781
leaf_weight=177.55401119613089 33.097665846697055 128.39259454829153 520.54633308853954 596.7834414197132 38.079845647793263 313.06063989107497 122.23707288876176
leaf_count=9449 2401 40655 29473 53446 3100 18861 10812
internal_value=-0.000268682 -0.00659851 0.00405132 -0.00128679 -0.00340718 -0.00725016 0.00359195
internal_weight=1929.75 779.324 1150.43 629.881 650.932 473.378 160.317
internal_count=168197 82877 85320 55847 42222 32773 13912
cat_boundaries=0 2 3 5
cat_threshold=1659943357 164649 1 5246976 9
is_linear=0
shrinkage=0.05


Tree=72
num_leaves=8
num_cat=4
split_feature=3 16 16 14 1 16 0
split_gain=21.9251 17.9552 14.6163 9.83622 15.8526 9.98727 9.4752
threshold=27.500000000000004 0 1 2 76.500000000000014 3 747.50000000000011
decision_type=8 9 9 9 10 9 10
left_child=2 -2 -1 5 -5 -3 -4
right_child=1 3 6 4 -6 -7 -8
leaf_value=0.0074118725729473631 0.01200140313585164 -0.0036471392723945377 -0.010760306099197915 -0.015208884855352739 0.00042780642048940933 0.014806534543728307 -0.031758843978641468
leaf_weight=90.379174508270808 338.32615404296666 124.27901881223079 316.0184672807809 214.51304517092649 618.6094640486408 155.76066025649197 63.000426698592491
leaf_count=9065 23443 11202 24813 28024 35042 11582 24710
internal_value=-0.000853511 0.00218955 -0.0101873 -0.000931924 -0.00366505 0.00708815 -0.0142477
internal_weight=1920.89 1451.49 469.398 1113.16 833.123 280.04 379.019
internal_count=167881 109293 58588 85850 63066 22784 49523
cat_boundaries=0 2 4 5 7
cat_threshold=1162412072 527718 403460288 23056 1 540042388 1241616
is_linear=0
shrinkage=0.05


Tree=73
num_leaves=8
num_cat=5
split_feature=15 16 13 16 16 6 3
split_gain=16.3876 19.2746 16.1207 15.3853 14.7871 15.9102 13.934
threshold=0 1 2 3 4 5.6050000000000013 32.500000000000007
decision_type=9 9 9 9 9 2 10
left_child=2 -2 4 -4 -1 -6 -3
right_child=1 6 3 -5 5 -7 -8
leaf_value=-0.0086992920271366236 -0.024935858890956553 -0.017070556307970521 -0.011187948621039272 0.0036047805778000029 -0.013149061204270705 0.011338066273552983 0.01317808294322393
leaf_weight=123.61486735264771 112.45493549690582 56.518148341216147 308.89557461126242 374.86161430587526 68.371204966097139 773.10748097125906 94.999736694153398
leaf_count=10203 13852 7230 34491 38019 8648 47997 7341
internal_value=0.000793982 -0.0104331 0.00266446 -0.00317472 0.00678672 0.00917416 0.00160737
internal_weight=1912.82 263.973 1648.85 683.757 965.094 841.479 151.518
internal_count=167781 28423 139358 72510 66848 56645 14571
cat_boundaries=0 1 3 4 6 8
cat_threshold=20 304595248 836632 8 2329091450 699424 538210311 2261799
is_linear=0
shrinkage=0.05


Tree=74
num_leaves=8
num_cat=3
split_feature=0 16 5 2 6 16 16
split_gain=18.3099 24.7135 18.1066 20.5486 17.9854 17.9528 17.1584
threshold=648.50000000000011 0 55500.000000000007 81.500000000000014 7.910000000000001 1 2
decision_type=8 9 2 10 2 9 9
left_child=6 4 -3 -4 -2 -5 -1
right_child=1 2 3 5 -6 -7 -8
leaf_value=-0.0084911853512072005 0.0087243549374853187 0.013145764637257584 -0.014233000452942478 0.0086579779085952605 0.060716452657995669 -0.014716082620390031 0.0094857934372631122
leaf_weight=155.19029248785228 74.609037129324861 103.75527671456803 573.29789484257344 238.79526962246746 17.298777957912534 106.59195519180503 648.094556607306
leaf_count=3579 9180 12299 101517 17644 1246 8163 14339
internal_value=0.000260088 -0.00388155 -0.00616252 -0.00846925 0.0191608 0.00116442 0.005994
internal_weight=1917.63 1114.35 1022.44 918.685 91.9078 345.387 803.285
internal_count=167967 150049 139623 127324 10426 25807 17918
cat_boundaries=0 2 4 6
cat_threshold=3290955776 1065220 184665850 434776 3238020231 3328268
is_linear=0
shrinkage=0.05


Tree=75
num_leaves=8
num_cat=4
split_feature=15 16 1 16 5 8 16
split_gain=15.023 16.7892 15.0483 14.9024 13.3301 12.7744 12.1133
threshold=0 1 55.500000000000007 2 109500.00000000001 1.5000000000000002 3
decision_type=9 9 10 9 2 8 9
left_child=2 -2 -1 5 6 -4 -5
right_child=1 -3 3 4 -6 -7 -8
leaf_value=-0.012996196457629903 0.0070889969596056104 -0.018949976303035888 0.016905095473815187 0.013612400241864459 -0.0061452711332652538 0.001564175027294004 -0.0022947001198425276
leaf_weight=151.04277260880917 84.660170275834389 181.06310608924832 295.63702564570121 219.9401018175995 497.02987668837886 249.37587310548406 241.46334766387008
leaf_count=29266 7621 20962 12971 14467 45277 22930 14518
internal_value=-1.67226e-05 -0.0107184 0.001783 0.00331776 -0.000488495 0.00978582 0.00559514
internal_weight=1920.21 265.723 1654.49 1503.45 958.433 545.013 461.403
internal_count=168012 28583 139429 110163 74262 35901 28985
cat_boundaries=0 1 3 5 7
cat_threshold=20 3364422671 2110246 3295446560 1420 419561748 839761
is_linear=0
shrinkage=0.05


Tree=76
num_leaves=8
num_cat=3
split_feature=3 16 3 5 16 16 4
split_gain=18.0495 18.2834 13.8904 14.2188 16.0101 12.6533 12.1626
threshold=27.500000000000004 0 58.500000000000007 90500.000000000015 1 2 27.500000000000004
decision_type=8 9 10 2 9 9 8
left_child=5 2 3 4 -2 -1 -3
right_child=1 6 -4 -5 -6 -7 -8
leaf_value=0.0066596535083616494 -0.0021229140043128396 -0.0051645622853922057 0.052017949947292391 0.0019822844636421771 0.028518324108488997 -0.013190183814308554 0.010301778714888601
leaf_weight=95.08891779219266 68.419848101795651 728.71826665429398 13.336734874872489 382.6739269256359 115.68771171953995 365.54334179928992 148.93981191469356
leaf_count=9924 4633 62020 1026 30378 6710 48488 4702
internal_value=-0.000633013 0.00209789 0.00885911 0.0075525 0.0187719 -0.0092053 -0.00246845
internal_weight=1918.41 1457.78 580.118 566.781 184.108 460.632 877.658
internal_count=167881 109469 42747 41721 11343 58412 66722
cat_boundaries=0 2 4 6
cat_threshold=1170088489 3411267 1311233 264449 3158866116 153616
is_linear=0
shrinkage=0.05


Tree=77
num_leaves=8
num_cat=4
split_feature=1 16 15 16 16 3 3
split_gain=18.65 19.2725 11.2583 21.3591 11.847 10.8296 9.20502
threshold=61.500000000000007 0 1 2 3 57.500000000000007 26.500000000000004
decision_type=10 9 9 9 9 8 10
left_child=1 5 4 -4 6 -1 -2
right_child=2 -3 3 -5 -6 -7 -8
leaf_value=0.00094578159098815124 -0.012852027851455262 -0.022145163155890293 0.0075962443620798238 -0.021616733112891293 0.0072018454406177048 0.055566640598858158 0.0012324935493181026
leaf_weight=74.984721355722286 143.29565899027511 163.67885677039158 105.6411422919482 124.43350599741098 772.99343682802282 5.3534504577983162 529.56809214141686
leaf_count=11818 14083 34196 8818 12382 51893 708 33854
internal_value=-0.000506838 -0.0132759 0.0013863 -0.00855934 0.00303107 0.00682785 -0.00181293
internal_weight=1919.95 244.017 1675.93 230.075 1445.86 80.3382 672.864
internal_count=167752 46722 121030 21200 99830 12526 47937
cat_boundaries=0 2 3 5 7
cat_threshold=1215171182 1185876 20 10032174 276131 542579837 2809970
is_linear=0
shrinkage=0.05


Tree=78
num_leaves=8
num_cat=2
split_feature=3 16 16 3 0 7 4
split_gain=18.1648 25.3754 15.5811 9.85626 8.58958 8.55086 8.01206
threshold=39.500000000000007 0 1 27.500000000000004 640.50000000000011 1.5000000000000002 25.500000000000004
decision_type=10 9 9 10 10 10 8
left_child=2 -2 3 -1 -4 -6 -3
right_child=1 6 4 -5 5 -7 -8
leaf_value=-0.0058505882278899954 0.015886293851387383 -0.0066929077189029481 -0.0017125183396140302 0.01091533119942506 -0.013072200151150383 0.020495234120925073 0.011531375198390037
leaf_weight=142.63856369641144 300.52541503077373 314.04341964400373 320.51318742381409 212.65399811195675 546.54642444546334 15.326190328341907 69.610144952079281
leaf_count=14747 18304 24768 7867 14043 84441 1868 2038
internal_value=-0.0010905 0.0054232 -0.00469855 0.00408324 -0.00819133 -0.0119839 -0.00319819
internal_weight=1921.86 684.179 1237.68 355.293 882.386 561.873 383.654
internal_count=168076 45110 122966 28790 94176 86309 26806
cat_boundaries=0 2 4
cat_threshold=3451518978 1860051 910972356 3174176
is_linear=0
shrinkage=0.05


Tree=79
num_leaves=8
num_cat=4
split_feature=3 8 0 16 16 15 12
split_gain=14.1009 17.2668 16.4272 15.2594 14.9359 13.3485 9.62473
threshold=42.500000000000007 1.5000000000000002 752.50000000000011 0 1 2 3
decision_type=10 8 10 9 9 9 1
left_child=1 4 -3 -2 -1 6 -6
right_child=3 2 -4 -5 5 -7 -8
leaf_value=-0.0074624184454664374 0.024390786464132116 -0.0062513976867161307 -0.030759148593935387 0.0019795313617630276 0.041025090784089155 -0.011321465204756322 0.0089274394892324156
leaf_weight=256.3981792756822 79.956794873578474 629.44816195394378 72.472592762671411 416.987459695898 20.551201469264925 70.449559658998623 375.6351503257174
leaf_count=19801 4984 56962 32708 27570 953 5661 19453
internal_value=-0.000894877 -0.00342356 -0.00898146 0.00631784 0.00199666 0.00722314 0.0108134
internal_weight=1921.9 1424.95 701.921 496.944 723.034 466.636 396.186
internal_count=168092 135538 89670 32554 45868 26067 20406
cat_boundaries=0 2 4 5 6
cat_threshold=171507746 66 2333551003 3313707 20 1
is_linear=0
shrinkage=0.05


Tree=80
num_leaves=8
num_cat=3
split_feature=6 16 16 16 5 6 6
split_gain=21.1409 26.555 23.0189 9.13359 8.38078 19.3129 10.9479
threshold=7.9945000000000013 0 1 2 239500.00000000003 5.9075000000000015 5.6050000000000013
decision_type=2 9 9 9 2 2 2
left_child=2 -2 -1 4 -4 6 -6
right_child=1 -3 3 -5 5 -7 -8
leaf_value=-0.012461757826384347 0.021272376055211026 -0.0017485182470149123 0.0067869234790988806 -0.001235666366018599 0.001980013218398689 -0.0075049246407756579 0.10752103088619767
leaf_weight=398.38550142687745 228.12003274599556 261.22220376459882 233.57596996589564 769.34129320620559 3.5741159479366633 11.000245271716265 4.4836751131806523
leaf_count=51353 11542 11892 19367 71560 501 969 440
internal_value=0.000576515 0.00948485 -0.00251509 0.00151074 0.00947483 0.0380992 0.079391
internal_weight=1909.7 489.342 1420.36 1021.98 252.634 19.058 8.05779
internal_count=167624 23434 144190 92837 21277 1910 941
cat_boundaries=0 2 4 6
cat_threshold=1601495056 1371492 3933225147 427012 67698756 1052810
is_linear=0
shrinkage=0.05


Tree=81
num_leaves=8
num_cat=3
split_feature=0 0 1 16 6 16 16
split_gain=18.4196 13.7175 13.1646 13.1468 13.753 13.0173 11.7348
threshold=764.50000000000011 562.50000000000011 79.500000000000014 0 8.3625000000000025 1 2
decision_type=10 8 10 9 2 9 9
left_child=1 2 -1 -3 -5 -6 -2
right_child=6 3 -4 4 5 -7 -8
leaf_value=0.045880964051580965 0.0095877005887890394 0.0042681880838002983 -0.0023349684480071221 -0.0072348649593926969 -0.0096781121393742699 0.018393852872952844 -0.026351506167775558
leaf_weight=27.227007338777184 25.200124764814973 857.66701708000619 24.424164600670338 734.86888292001095 55.066097354399972 99.729775322601199 87.997766853077337
leaf_count=552 8707 56017 349 62475 2078 2936 34888
internal_value=-0.000581451 0.00067294 0.0248874 -0.000111811 -0.0043338 0.00896278 -0.0197019
internal_weight=1912.18 1798.98 51.6512 1747.33 889.665 154.796 113.198
internal_count=168002 124407 901 123506 67489 5014 43595
cat_boundaries=0 2 4 6
cat_threshold=2238444140 1072084 1074790656 663595 2284470912 22913
is_linear=0
shrinkage=0.05


Tree=82
num_leaves=8
num_cat=4
split_feature=4 14 16 16 16 5 0
split_gain=14.0153 23.9049 23.4616 16.8153 16.1617 12.6048 11.8501
threshold=17.500000000000004 0 1 2 3 244500.00000000003 766.50000000000011
decision_type=8 9 9 9 9 2 10
left_child=1 2 -1 -3 5 -2 -5
right_child=4 3 -4 6 -6 -7 -8
leaf_value=0.018627926595186958 -0.0058740491871354956 0.0065385870264313209 -0.0036214509861263902 -0.0088033192787605741 0.013340552583150809 0.043543538496176704 -0.032098902258867641
leaf_weight=203.45134654315189 237.25971106649376 167.53077961609233 254.36607159604318 633.23117836413439 349.68926483870018 8.6540217683650535 56.001764894695953
leaf_count=16784 9606 19844 25951 58993 12587 399 23555
internal_value=0.0003902 -0.00249272 0.00668471 -0.00740708 0.006721 -0.00317538 -0.0107587
internal_weight=1910.18 1314.58 457.817 856.764 595.603 245.914 689.233
internal_count=167719 145127 42735 102392 22592 10005 82548
cat_boundaries=0 1 3 5 7
cat_threshold=1 3742269796 2237469 91754564 1574276 2202276205 2796445
is_linear=0
shrinkage=0.05


Tree=83
num_leaves=8
num_cat=4
split_feature=0 13 16 16 12 5 2
split_gain=15.4484 14.0501 15.2487 12.4151 9.19259 8.73303 8.601
threshold=562.50000000000011 0 1 2 3 275500.00000000006 94.500000000000014
decision_type=8 9 9 9 1 2 10
left_child=-1 3 -3 4 -2 -4 -5
right_child=1 2 5 6 -6 -7 -8
leaf_value=0.024518842119050449 0.045425293356824159 0.0050344964021791401 -0.01212023889740789 -0.0035013464044952531 0.0087882804584824767 0.024440697949790841 0.0093766162999331243
leaf_weight=52.963518870063126 13.935638457420282 194.5672510669101 555.3656958945794 685.33359207224566 246.63290830433834 12.310500217135994 154.69351143075619
leaf_count=880 770 22002 62306 59867 14927 1904 5427
internal_value=-0.000906161 -0.00169273 -0.00683649 0.00192889 0.0111463 -0.0109301 -0.00107565
internal_weight=1915.8 1862.84 762.243 1100.6 260.569 567.676 840.027
internal_count=168083 167203 86212 80991 15697 64210 65294
cat_boundaries=0 1 3 5 6
cat_threshold=8 85745830 2382435 1549472864 1064960 1
is_linear=0
shrinkage=0.05


Tree=84
num_leaves=8
num_cat=5
split_feature=3 16 16 5 14 16 15
split_gain=15.7755 16.8197 16.6321 14.2858 9.14907 12.9558 9.04186
threshold=23.500000000000004 0 1 234500.00000000003 2 3 4
decision_type=8 9 9 2 9 9 9
left_child=1 -1 3 4 -2 -6 -4
right_child=2 -3 6 -5 5 -7 -8
leaf_value=0.0047906966410011988 0.015944126423050736 -0.019655753406876413 -0.00016241018434043702 0.034845356057930342 -0.0079026637363191609 0.0094804843376095991 -0.012891475146017765
leaf_weight=108.19694731105119 159.91086122218985 176.61409566097427 863.98801013047341 41.912900960771367 176.80646215670276 229.49705160222948 151.90561990032438
leaf_count=13324 11430 26943 67513 4125 13796 15300 15451
internal_value=-0.000211258 -0.0109593 0.00170152 0.00813032 0.00600743 0.00195031 -0.00222566
internal_weight=1908.83 284.811 1624.02 608.127 566.214 406.304 1015.89
internal_count=167882 40267 127615 44651 40526 29096 82964
cat_boundaries=0 2 4 5 7 8
cat_threshold=1012984323 14864 3349741644 3409580 1 3229614144 2097324 20
is_linear=0
shrinkage=0.05


Tree=85
num_leaves=8
num_cat=4
split_feature=16 16 6 3 16 5 16
split_gain=14.7068 11.3144 11.5996 9.23034 10.1645 8.91609 19.9078
threshold=0 1 5.3550000000000013 26.500000000000004 2 59500.000000000007 3
decision_type=9 9 2 8 9 2 9
left_child=-1 -2 -3 4 -4 6 -5
right_child=1 2 3 5 -6 -7 -8
leaf_value=-0.0088936447472282472 0.017575317402168007 -0.018460575787848345 -0.014880432505494038 -0.0076521220732893268 0.003338579301000886 0.0024611811553231274 0.030202154327263392
leaf_weight=352.39599801436998 96.682910971459933 67.532010044553317 136.99116194795351 53.424814795609564 149.3055146188708 976.01068770245183 73.768101477762684
leaf_count=45371 5761 11335 16521 2792 16659 65234 4223
internal_value=0.000112542 0.00222001 0.00103239 0.00204997 -0.00588111 0.00412545 0.01632
internal_weight=1906.11 1553.72 1457.03 1389.5 286.297 1103.2 127.193
internal_count=167896 122525 116764 105429 33180 72249 7015
cat_boundaries=0 2 4 6 8
cat_threshold=1779437840 688256 2215116800 1054720 27460137 2360583 4343362 25640
is_linear=0
shrinkage=0.05


Tree=86
num_leaves=8
num_cat=1
split_feature=3 8 14 4 6 2 5
split_gain=12.3532 19.3103 15.837 11.382 10.0104 9.76332 9.05924
threshold=36.500000000000007 1.5000000000000002 0 11.500000000000002 7.4945000000000013 87.500000000000014 257500.00000000003
decision_type=10 8 9 8 2 10 2
left_child=1 -1 -3 4 -4 -2 -7
right_child=5 2 3 -5 -6 6 -8
leaf_value=0.0037619127500613234 0.00058878545660404026 -0.021088381738218115 -0.012770313425314381 0.014640831796054132 0.010717065020244054 0.0092716836646889022 0.045719895891498469
leaf_weight=507.05475537886377 532.22312592878006 192.34692237747367 206.96179516462144 66.702958204550669 53.60388447646983 337.22550700663123 13.467192541691473
leaf_count=35302 45631 24357 40396 3688 5199 12693 776
internal_value=0.000558474 -0.00316418 -0.00989428 -0.00309679 -0.00782766 0.00488068 0.0112944
internal_weight=1909.59 1026.67 519.616 327.269 260.566 882.916 350.693
internal_count=168042 108942 73640 49283 45595 59100 13469
cat_boundaries=0 1
cat_threshold=4
is_linear=0
shrinkage=0.05


Tree=87
num_leaves=8
num_cat=3
split_feature=16 1 0 0 2 12 16
split_gain=16.0857 12.9897 12.9717 10.2331 9.19448 8.42732 31.3718
threshold=0 79.500000000000014 764.50000000000011 562.50000000000011 92.500000000000014 1 2
decision_type=9 10 10 8 10 1 9
left_child=1 -1 3 -2 -4 6 -5
right_child=2 -3 4 5 -6 -7 -8
leaf_value=-0.0019361240055744162 0.02138103311173185 0.035309332906005866 -0.021749811829466035 0.03970594496971154 0.024848902203252587 -0.00095415297386801812 -0.016310488781079959
leaf_weight=36.911331293871626 52.0861458145082 56.724156808457337 95.389199320692569 38.352773488499224 7.6622474272735408 1578.095104519045 37.549718595459126
leaf_count=3437 870 2394 40492 2074 1666 113642 3146
internal_value=0.00062945 0.019315 -0.000491985 0.000567685 -0.0172955 -0.000150214 0.0155905
internal_weight=1902.77 93.6355 1809.14 1706.08 103.051 1654 75.9025
internal_count=167721 5831 161890 119732 42158 118862 5220
cat_boundaries=0 2 3 5
cat_threshold=3423076352 16384 1 280036998 32947
is_linear=0
shrinkage=0.05


Tree=88
num_leaves=8
num_cat=4
split_feature=15 16 16 0 16 1 3
split_gain=15.3944 17.2758 14.1308 13.7442 11.3173 11.0972 10.4461
threshold=0 1 2 591.50000000000011 3 71.500000000000014 58.500000000000007
decision_type=9 9 9 10 9 10 10
left_child=1 -1 -2 4 -3 -5 -4
right_child=2 3 6 5 -6 -7 -8
leaf_value=0.0089259252466181854 0.0066072068165550614 0.028008070413728155 -0.021390174168008997 -0.0129085288559327 -0.0049211906444486357 -0.00039325717384070251 0.037156139966799666
leaf_weight=601.12597797007766 77.022117790067568 52.118637407198548 171.30633897334337 229.19921628688462 42.154237253125757 728.14995879703201 3.536695161019451
leaf_count=47714 7539 1138 20672 40723 801 48777 346
internal_value=0.000492552 0.00227049 -0.0106647 -0.0016059 0.0161031 -0.00344104 -0.0181942
internal_weight=1904.61 1652.75 251.865 1051.62 94.2729 957.349 174.843
internal_count=167710 139153 28557 91439 1939 89500 21018
cat_boundaries=0 1 3 5 7
cat_threshold=20 472441376 1836108 1100550159 12326 30736474 12288
is_linear=0
shrinkage=0.05


Tree=89
num_leaves=8
num_cat=5
split_feature=8 14 16 16 3 16 16
split_gain=14.6128 14.857 17.2609 12.1193 10.1927 13.0248 9.71852
threshold=1.5000000000000002 0 1 2 34.500000000000007 3 4
decision_type=8 9 9 9 10 9 9
left_child=3 4 -3 -1 6 -6 -2
right_child=1 2 -4 -5 5 -7 -8
leaf_value=0.011255698126328154 0.008289382855416803 0.0072982788428974073 -0.010415239523431917 -0.00031928310290100338 0.0076944022528760902 -0.016306694001197358 -0.025790067974844136
leaf_weight=327.02918659499846 22.24940034316387 324.56813475035597 216.14774109167047 673.50847349409014 97.451953858369961 102.88148667057976 139.71100330888294
leaf_count=18048 3028 37244 32253 41755 7524 9326 18681
internal_value=-0.000543601 -0.00514029 0.000129745 0.00360996 -0.0129004 -0.00514776 -0.0220485
internal_weight=1903.55 903.01 540.716 1000.54 362.294 200.333 161.96
internal_count=167859 108056 69497 59803 38559 16850 21709
cat_boundaries=0 1 3 5 7 9
cat_threshold=4 3286832962 408765 1478213704 527692 364519432 554222 2684940743 1048896
is_linear=0
shrinkage=0.05


Tree=90
num_leaves=8
num_cat=4
split_feature=3 0 16 16 16 5 16
split_gain=17.1248 17.3054 25.0184 21.1567 14.3078 14.2525 16.6005
threshold=36.500000000000007 673.50000000000011 0 1 2 66500.000000000015 3
decision_type=8 10 9 9 9 2 9
left_child=1 3 -3 -1 -2 6 -4
right_child=4 2 5 -5 -6 -7 -8
leaf_value=0.0085145972458129937 -0.0054138108096572352 0.018674389512914513 0.025841514411194769 -0.010306289836573099 0.008258845856306575 -0.022575735721030162 -0.015992223520494387
leaf_weight=336.45074447500519 255.71552959945984 44.926676815375686 26.939289385336451 244.67699795821682 669.33497561921831 283.57827708555851 40.022870322805829
leaf_count=10871 21795 7873 5066 7803 41260 65739 7202
internal_value=-0.000361665 -0.0049672 -0.0129647 0.000539396 0.00450106 -0.0172649 0.00283255
internal_weight=1901.65 976.595 395.467 581.128 925.051 350.54 66.9622
internal_count=167609 104554 85880 18674 63055 78007 12268
cat_boundaries=0 2 4 6 8
cat_threshold=3360227332 2361600 908130136 32488 608227540 2533920 388235312 1626196
is_linear=0
shrinkage=0.05


Tree=91
num_leaves=8
num_cat=5
split_feature=16 3 8 14 16 16 16
split_gain=13.913 11.3601 10.3521 13.0665 23.3699 11.87 9.85511
threshold=0 22.500000000000004 1.5000000000000002 1 2 3 4
decision_type=9 8 8 9 9 9 9
left_child=-1 -2 5 6 -5 -3 -4
right_child=1 2 3 4 -6 -7 -8
leaf_value=0.016683536763857372 -0.011925773619967609 -0.0029361249018703909 0.0022883774194813948 0.01206085818259668 -0.010692601602669076 0.0087587709786065681 -0.017581708598874587
leaf_weight=94.415505702490918 230.63922600459773 385.70931113034021 88.35826190887019 219.52591781050432 202.74639419815503 469.02856935979798 215.28255477524363
leaf_count=5676 34837 21598 8715 23640 25013 26347 22014
internal_value=-0.000645683 -0.00167506 -0.000157012 -0.00453122 0.00117094 0.00356267 -0.0123517
internal_weight=1905.71 1811.29 1580.65 725.913 422.272 854.738 303.641
internal_count=167840 162164 127327 79382 48653 47945 30729
cat_boundaries=0 2 3 5 7 9
cat_threshold=2349350912 16384 4 60887906 4071597 27270944 3059749 539275659 1835890
is_linear=0
shrinkage=0.05


Tree=92
num_leaves=8
num_cat=3
split_feature=0 2 16 16 3 16 1
split_gain=12.8114 12.5716 17.8393 13.5501 11.306 21.4996 9.57516
threshold=562.50000000000011 79.500000000000014 0 1 49.500000000000007 2 79.500000000000014
decision_type=8 10 9 9 8 9 10
left_child=6 2 -2 -3 -5 -6 -1
right_child=1 3 -4 4 5 -7 -8
leaf_value=0.03963958602563749 0.0056791277448684403 -0.0090557063174692472 -0.01087182522512644 0.0031543942232388207 -0.0094961996263482912 0.035939928187217349 -0.0010396578014987953
leaf_weight=29.740905878134072 226.45465438370593 194.49115869496018 514.77319581271149 817.47693434392568 37.356746210018173 57.049605982378125 24.358987281098962
leaf_count=554 26112 12982 75768 47644 1928 2651 323
internal_value=-0.000132252 -0.000862979 -0.00588071 0.00251004 0.00505639 0.0210476 0.022785
internal_weight=1901.7 1847.6 741.228 1106.37 911.883 94.4064 54.0999
internal_count=167962 167085 101880 65205 52223 4579 877
cat_boundaries=0 2 4 6
cat_threshold=2383157799 3156756 37884421 2263080 150996056 271620
is_linear=0
shrinkage=0.05


Tree=93
num_leaves=8
num_cat=0
split_feature=6 0 1 2 0 3 5
split_gain=12.7308 11.1132 10.7019 7.51858 7.50881 9.21584 6.95956
threshold=8.740000000000002 758.50000000000011 91.500000000000014 36.500000000000007 662.50000000000011 37.500000000000007 72500.000000000015
decision_type=2 8 10 10 8 10 2
left_child=1 3 6 -1 5 -2 -3
right_child=4 2 -4 -5 -6 -7 -8
leaf_value=-0.023098391799868074 -0.0070443840996858593 0.0024390918890975226 0.02363810436000614 0.00058939330172455508 0.030697203391269245 0.020124797942060527 -0.024819300721698734
leaf_weight=29.226185686071403 59.699445670470595 29.123121830751188 12.448377469321711 1571.0083342714934 41.105647131567821 56.31549097597599 99.142770372913219
leaf_count=4345 720 9966 1723 108143 2363 557 39880
internal_value=0.000127559 -0.0011173 -0.0143368 8.61674e-05 0.0135301 0.00643056 -0.0187709
internal_weight=1898.07 1740.95 140.714 1600.23 157.121 116.015 128.266
internal_count=167697 164057 51569 112488 3640 1277 49846
is_linear=0
shrinkage=0.05


Tree=94
num_leaves=8
num_cat=5
split_feature=4 16 14 16 16 6 14
split_gain=10.8793 20.1406 11.8981 20.1522 14.6666 12.1624 14.9815
threshold=25.500000000000004 0 1 2 3 6.9775000000000009 4
decision_type=8 9 9 9 9 2 9
left_child=2 -2 3 -1 -4 -6 -7
right_child=1 -3 4 -5 5 6 -8
leaf_value=0.020797204633119952 -0.0092341709708160975 0.017591327177355186 -0.010823898536901504 -0.0011601115328175259 -0.0062228446425318757 0.021237522860432179 -0.00051731305972335228
leaf_weight=131.40483291877899 95.123707412276417 198.67023142729886 453.74018293898553 366.71031102049164 315.14724843774457 118.74634491163306 218.89381598739419
leaf_count=10920 3184 6463 56713 33148 34861 6126 16303
internal_value=0.000415168 0.00917636 -0.00121244 0.00517175 -0.00409669 0.000778715 0.00733201
internal_weight=1898.44 293.794 1604.64 498.115 1106.53 652.787 337.64
internal_count=167718 9647 158071 44068 114003 57290 22429
cat_boundaries=0 2 3 5 7 8
cat_threshold=2311722344 2228829 1 3423109152 532651 4221616405 3834409 2
is_linear=0
shrinkage=0.05


Tree=95
num_leaves=8
num_cat=4
split_feature=13 16 5 16 16 0 3
split_gain=16.7389 15.5693 15.2775 15.6616 9.23863 8.98377 8.56683
threshold=0 1 46500.000000000007 2 3 698.50000000000011 45.500000000000007
decision_type=9 9 2 9 9 10 8
left_child=2 -2 3 -1 6 -5 -4
right_child=1 -3 4 5 -6 -7 -8
leaf_value=-0.0090951108886494023 0.0025967132726545366 -0.011478700636126724 0.0047518028844937806 0.029213856734216892 -0.00098506678346842744 0.089462015395824324 0.021597477795750247
leaf_weight=22.024752537719905 354.22143097338267 420.16580560512375 341.97490993258543 32.232194664888084 631.5081340726465 7.1479625565698361 93.552681605797261
leaf_count=1213 36778 49615 22894 603 51166 942 4490
internal_value=0.000493624 -0.0051133 0.00435364 0.0276747 0.00292937 0.0399866 0.00838405
internal_weight=1902.83 774.387 1128.44 61.4049 1067.04 39.3802 435.528
internal_count=167701 86393 81308 2758 78550 1545 27384
cat_boundaries=0 1 3 5 7
cat_threshold=8 2233262662 2119403 119562768 829898 1593509056 532868
is_linear=0
shrinkage=0.05


Tree=96
num_leaves=8
num_cat=4
split_feature=2 16 16 5 16 16 0
split_gain=9.34825 9.6872 8.75653 8.55775 17.7513 15.7235 13.6335
threshold=37.500000000000007 0 1 89500.000000000015 2 3 562.50000000000011
decision_type=10 9 9 2 9 9 8
left_child=1 -1 -2 4 6 -5 -4
right_child=2 -3 3 5 -6 -7 -8
leaf_value=0.015340303174565768 0.0093037084533123832 -0.028975767204649595 0.045248955571236621 0.0029207714229853056 0.012004126454964436 -0.0090119781275496847 -0.0093835414008902676
leaf_weight=9.3525344925001246 241.911594107165 33.727684305049479 7.1466452516615382 535.30730430630501 306.93710441014264 545.9636792477686 207.64095826633275
leaf_count=1950 17038 8370 98 50079 21057 53980 14976
internal_value=0.000170463 -0.0215961 0.00073573 -0.000636095 0.00459229 -0.00317423 -0.00629147
internal_weight=1887.99 43.0802 1844.91 1603 521.725 1081.27 214.788
internal_count=167548 10320 157228 140190 36131 104059 15074
cat_boundaries=0 2 4 6 8
cat_threshold=1091306016 415748 2483822662 770 675369473 796844 138501777 26860
is_linear=0
shrinkage=0.05


Tree=97
num_leaves=8
num_cat=2
split_feature=16 3 0 6 3 16 2
split_gain=12.3317 14.4824 13.9637 9.95846 9.7101 9.05029 9.32565
threshold=0 58.500000000000007 701.50000000000011 7.9945000000000013 26.500000000000004 1 74.500000000000014
decision_type=9 8 8 2 10 9 10
left_child=1 2 -1 -4 5 6 -2
right_child=4 -3 3 -5 -6 -7 -8
leaf_value=-0.0021289950127231687 0.050073895679633919 0.025617459901062345 -0.022896806243259162 0.0043432704757693239 0.0061258583833919272 -0.0085576604071364026 -0.0016246430787288787
leaf_weight=590.27823227783665 10.359004693222234 32.971624447847717 157.45341156248469 40.480578006012365 830.22817781358026 220.2844559912337 19.491339244297706
leaf_count=26507 1634 3327 48739 6514 53924 26096 1343
internal_value=8.16288e-06 -0.00456447 -0.00603807 -0.017356 0.00349866 -0.00503337 0.0162606
internal_weight=1901.55 821.184 788.212 197.934 1080.36 250.135 29.8503
internal_count=168084 85087 81760 55253 82997 29073 2977
cat_boundaries=0 2 4
cat_threshold=2962487323 1998913 138936384 6688
is_linear=0
shrinkage=0.05


Tree=98
num_leaves=8
num_cat=2
split_feature=16 3 5 7 1 16 5
split_gain=10.6188 10.9797 10.642 10.4193 8.33537 10.7729 9.6235
threshold=0 39.500000000000007 50500.000000000007 1.5000000000000002 78.500000000000014 1 242500.00000000003
decision_type=9 10 2 10 10 9 2
left_child=2 3 -1 -2 5 -3 -6
right_child=1 4 -4 -5 6 -7 -8
leaf_value=0.02666220565235683 -0.0074334508661805174 0.010822078450045847 0.0028355115607974733 0.026217857062374061 0.0046095529285783317 -0.013818009530771187 0.035623109387703793
leaf_weight=47.264308930840343 855.33354918041732 54.395516029326245 471.98671520664357 18.834208306041546 316.8989957801532 119.16183180909138 22.428623443818651
leaf_count=2999 90404 5320 38442 1856 14660 13025 1467
internal_value=-0.000871826 -0.00314703 0.00513987 -0.00656344 0.00262232 -0.00617642 0.00714698
internal_weight=1906.3 1387.05 519.251 874.168 512.885 173.557 339.328
internal_count=168173 126732 41441 92260 34472 18345 16127
cat_boundaries=0 2 4
cat_threshold=2492223713 1592577 56754694 131780
is_linear=0
shrinkage=0.05


Tree=99
num_leaves=8
num_cat=3
split_feature=2 0 16 6 12 16 0
split_gain=10.0583 8.53418 7.87404 15.0859 8.83605 13.8769 12.2978
threshold=38.500000000000007 562.50000000000011 0 8.1275000000000031 1 2 643.50000000000011
decision_type=10 8 9 2 1 9 10
left_child=-1 -2 3 -3 5 6 -4
right_child=1 2 4 -5 -6 -7 -8
leaf_value=-0.021343875521829727 0.019693328619037272 -0.0083697001936945559 -0.0018963466337325178 0.011832562410593005 0.0017787139674239401 -0.0049056165916131723 0.070887588583138483
leaf_weight=46.153059775708243 54.930364347063005 458.02608059905469 7.4879243057221201 110.81083906872664 1179.6154418746009 33.392346365842968 17.404705681372434
leaf_count=11282 853 53858 105 5155 93108 2685 1159
internal_value=0.000531992 0.00113004 0.000512868 -0.00429067 0.00274103 0.0209709 0.0392186
internal_weight=1907.82 1861.67 1806.74 568.837 1237.9 58.285 24.8926
internal_count=168205 156923 156070 59013 97057 3949 1264
cat_boundaries=0 2 3 5
cat_threshold=35944851 4101134 1 77136900 17
is_linear=0
shrinkage=0.05


Tree=100
num_leaves=8
num_cat=3
split_feature=3 16 8 16 5 0 14
split_gain=13.0449 15.3033 15.0076 10.0406 14.1252 18.8281 9.48642
threshold=36.500000000000007 0 1.5000000000000002 1 80500.000000000015 693.50000000000011 2
decision_type=10 9 8 9 2 10 9
left_child=1 -1 -3 4 5 -2 -4
right_child=3 2 6 -5 -6 -7 -8
leaf_value=-0.011914810360004531 0.0125552399891183 0.0079886729108080701 -0.01826096606588198 -0.00026722690476278479 0.0046798529997702553 0.063628801771790186 -0.00025637145245064366
leaf_weight=375.22631919785636 69.323580685071647 331.34537171572447 115.149003479979 541.7153076545801 263.94064294430427 21.245560345356353 187.44012373348232
leaf_count=47007 1586 20814 14571 37067 17594 2717 26699
internal_value=-0.000258029 -0.00414717 0.000683551 0.0041199 0.0104509 0.0272381 -0.00729341
internal_weight=1905.39 1009.16 633.934 896.225 354.51 90.5691 302.589
internal_count=168055 109091 62084 58964 21897 4303 41270
cat_boundaries=0 2 4 5
cat_threshold=3229622585 1753463 1161371681 1611733 4
is_linear=0
shrinkage=0.05


Tree=101
num_leaves=8
num_cat=3
split_feature=16 0 1 5 16 3 16
split_gain=10.4148 8.49408 8.4006 7.77965 14.1461 9.58028 13.0398
threshold=0 621.50000000000011 60.500000000000007 52500.000000000007 1 49.500000000000007 2
decision_type=9 10 10 2 9 10 9
left_child=1 -1 -3 4 -2 -5 -7
right_child=3 2 -4 5 -6 6 -8
leaf_value=0.0052596174788269541 -0.0071177180719623982 -0.027542623705672176 -0.0066402597198816533 -0.00057348366033574644 0.024625484123265519 -0.0054818396093542958 0.025851277358003352
leaf_weight=121.60408892622218 51.678086488158442 51.917058017163072 353.30037807766348 1121.7797276610509 78.535571678774431 53.280699328286573 67.476615586434491
leaf_count=2682 3959 15677 36648 96152 5098 3276 4245
internal_value=-0.000178816 -0.00605543 -0.00962137 0.00211882 0.013525 0.000891062 0.0139779
internal_weight=1899.57 526.822 405.217 1372.75 130.214 1242.54 120.757
internal_count=167737 55007 52325 112730 9057 103673 7521
cat_boundaries=0 2 4 6
cat_threshold=54741329 2262914 2752512524 817224 1476408844 1067068
is_linear=0
shrinkage=0.05


Tree=102
num_leaves=8
num_cat=1
split_feature=13 5 1 0 0 0 0
split_gain=8.63119 9.14357 10.6155 10.515 8.35858 7.97787 7.32028
threshold=0 89500.000000000015 91.500000000000014 669.50000000000011 651.50000000000011 684.50000000000011 667.50000000000011
decision_type=9 2 10 8 8 10 10
left_child=1 5 4 -4 -3 -1 -2
right_child=6 2 3 -5 -6 -7 -8
leaf_value=0.0045552119082895677 0.00037801642554638644 0.0029022185809539844 0.001397111221852528 0.028342531334792045 -0.0089061971334288403 0.021282271311033468 -0.0093479386812729444
leaf_weight=285.36485149804503 399.12517914711498 266.38180996943265 104.84291469771415 50.757696221582592 332.07014792290283 91.922466680116486 369.77981876046397
leaf_count=5865 14040 6282 1662 3314 51245 12952 72654
internal_value=-0.000234026 0.00253396 -0.000633193 0.0107956 -0.00366956 0.00885565 -0.00427431
internal_weight=1900.24 1131.34 754.053 155.601 598.452 377.287 768.905
internal_count=168014 81320 62503 4976 57527 18817 86694
cat_boundaries=0 1
cat_threshold=8
is_linear=0
shrinkage=0.05


Tree=103
num_leaves=8
num_cat=2
split_feature=13 6 0 14 6 6 2
split_gain=8.00385 8.96303 7.23734 7.1643 22.0238 13.308 7.52461
threshold=0 5.6050000000000013 767.50000000000011 1 6.9945000000000013 6.3775000000000004 75.500000000000014
decision_type=9 2 10 9 2 2 10
left_child=1 -1 -2 4 6 -5 -3
right_child=2 3 -4 5 -6 -7 -8
leaf_value=-0.012024206317605403 -0.0026326140423634597 -0.018494434187308124 -0.021821294955894039 0.013562323769990905 0.023698868738659003 -0.0022250673594386861 0.0048252136260338498
leaf_weight=90.36421728413552 716.24042550759623 48.501211182854604 47.977080148935784 167.99460376356728 148.94361503969412 580.20669633051148 93.745554103748873
leaf_count=12599 64863 7786 21950 14139 6872 34238 5602
internal_value=-1.16312e-05 0.0026492 -0.00392031 0.00400172 0.0105854 0.0013862 -0.00348399
internal_weight=1893.97 1129.76 764.218 1039.39 291.19 748.201 142.247
internal_count=168049 81236 86813 68637 20260 48377 13388
cat_boundaries=0 1 2
cat_threshold=8 2
is_linear=0
shrinkage=0.05


Tree=104
num_leaves=8
num_cat=2
split_feature=16 0 2 6 0 0 16
split_gain=9.80167 15.5717 6.82588 6.60652 9.1382 6.61016 5.75687
threshold=0 780.50000000000011 95.500000000000014 7.910000000000001 641.50000000000011 578.50000000000011 1
decision_type=9 10 10 2 10 8 9
left_child=3 2 -2 5 -5 -1 -7
right_child=1 -3 -4 4 -6 6 -8
leaf_value=0.027952767177201843 -0.0012907222337300781 -0.03190144996204642 0.019637489600718466 0.0023994170759221185 0.026840923153199182 0.0072049503260988319 -0.0045451490450293614
leaf_weight=19.825342662632465 1264.9803539215354 36.132574579212815 35.199657217715867 75.122850239742547 75.242356075439602 190.83656215958763 197.415190092579
leaf_count=300 105820 16541 1679 984 5079 15618 21767
internal_value=0.000734614 -0.0015999 -0.000651076 0.00620385 0.0151001 0.00293292 0.00131616
internal_weight=1894.75 1336.31 1300.18 558.442 150.365 408.077 388.252
internal_count=167788 124040 107499 43748 6063 37685 37385
cat_boundaries=0 2 4
cat_threshold=2400845900 286480 2215247948 528
is_linear=0
shrinkage=0.05


Tree=105
num_leaves=8
num_cat=4
split_feature=3 16 16 12 16 6 5
split_gain=9.97874 14.1933 9.73557 12.8775 15.3823 13.8784 12.8893
threshold=53.500000000000007 0 1 2 3 7.1050000000000013 301500.00000000006
decision_type=10 9 9 1 9 2 2
left_child=2 -2 -1 4 5 -4 -5
right_child=1 -3 3 6 -6 -7 -8
leaf_value=0.0040731981331840143 -0.0089315684796682261 0.028398521417414557 -0.0031794817174114866 -0.005351638132017807 -0.013524212668733389 0.063645084954613282 0.036392490901869849
leaf_weight=751.39140501280781 34.915148920961656 55.696539415395819 10.473111422674267 997.01880625233753 19.6041979874135 20.742916111135855 13.902157661388626
leaf_count=58333 2216 4136 907 97159 2320 1017 2069
internal_value=0.000592114 0.0163354 -0.000237421 -0.00330007 0.0200863 0.0343866 -0.00460129
internal_weight=1903.74 90.6117 1813.13 1061.74 50.8202 31.216 1010.92
internal_count=168157 6352 161805 103472 4244 1924 99228
cat_boundaries=0 2 4 5 7
cat_threshold=402748102 320808 206209641 3440000 1 305464454 32787
is_linear=0
shrinkage=0.05


Tree=106
num_leaves=8
num_cat=4
split_feature=0 16 6 16 16 6 16
split_gain=9.3471 16.1489 9.31817 23.5265 18.2494 9.56969 25.1844
threshold=602.50000000000011 0 7.9945000000000013 1 2 6.0050000000000008 3
decision_type=8 9 2 9 9 2 9
left_child=1 -1 4 -4 5 6 -2
right_child=2 -3 3 -5 -6 -7 -8
leaf_value=-0.0081401711248287028 -0.0077263821212484908 0.018435687509118847 0.021732254495403239 -0.0028302323470381831 -0.007368470493102507 -0.00013734387909508669 0.031220794270788568
leaf_weight=79.275736435316503 68.627355064963922 151.68802812695503 132.22696298419032 284.4936412118841 815.31780564895598 288.14668031095061 81.551467372453772
leaf_count=1354 7933 2456 7666 14759 99187 24615 9949
internal_value=0.000454994 0.00977094 -0.000858452 0.005577 -0.0030113 0.00513542 0.0152616
internal_weight=1901.33 230.964 1670.36 416.721 1253.64 438.326 150.179
internal_count=167919 3810 164109 22425 141684 42497 17882
cat_boundaries=0 2 4 6 8
cat_threshold=2154080034 1098088 1294229618 313188 2215319108 542857 66564 540800
is_linear=0
shrinkage=0.05


Tree=107
num_leaves=8
num_cat=0
split_feature=5 6 3 0 1 6 0
split_gain=9.17945 13.2968 9.64896 9.32635 8.79753 7.83154 7.375
threshold=97500.000000000015 8.740000000000002 53.500000000000007 781.50000000000011 38.500000000000007 6.1775000000000011 710.50000000000011
decision_type=2 2 10 10 10 2 10
left_child=4 2 3 -2 -1 -4 -6
right_child=1 -3 5 -5 6 -7 -8
leaf_value=-0.019899771443641301 -0.0043831189292302701 0.017952911237404379 0.034730736665043345 -0.033070809457435429 0.0032197544901445955 -0.00041114325339547034 0.016297286972907145
leaf_weight=30.718816464068368 972.51152785995509 68.44818748277612 22.849018533132039 24.352980537281837 612.5450969330268 36.540520596550778 126.92836643883493
leaf_count=6767 92868 1608 2091 12286 20573 2531 29051
internal_value=0.000232167 -0.00264364 -0.00405665 -0.0052455 0.00442164 0.0147561 0.00555885
internal_weight=1894.89 1124.7 1056.25 996.865 770.192 59.3895 739.473
internal_count=167775 111384 109776 105154 56391 4622 49624
is_linear=0
shrinkage=0.05


Tree=108
num_leaves=8
num_cat=5
split_feature=14 16 4 16 16 6 12
split_gain=8.4751 16.6576 14.3743 16.3605 14.5769 14.4349 9.11818
threshold=0 1 8.5000000000000018 2 3 9.5500000000000025 4
decision_type=9 9 8 9 9 2 1
left_child=1 -1 4 -4 5 -2 -3
right_child=2 6 3 -5 -6 -7 -8
leaf_value=-0.0094767410490510413 -0.014990337241942374 0.0092960809710305788 -0.0058958161543998201 0.0099789910030215583 0.00071733050965294936 0.056672798323466 0.041399815777889155
leaf_weight=118.85484053374967 340.5425360701629 368.19827855908079 250.30798611068167 413.61739215929992 389.13568545755697 2.360243772622197 19.215090052515734
leaf_count=10803 50731 31660 10356 15714 46856 47 1889
internal_value=0.000756836 0.00626535 -0.00125614 0.0040557 -0.00606858 -0.0133072 0.0111124
internal_weight=1902.23 506.268 1395.96 663.925 732.038 342.903 387.413
internal_count=168056 44352 123704 26070 97634 50778 33549
cat_boundaries=0 1 3 5 7 8
cat_threshold=1 577857666 194817 2298745637 3804831 3196232958 2524290 2
is_linear=0
shrinkage=0.05


Tree=109
num_leaves=8
num_cat=1
split_feature=0 8 0 0 6 3 14
split_gain=9.91882 9.47969 12.3181 8.61958 7.83697 7.84894 7.81896
threshold=602.50000000000011 1.5000000000000002 764.50000000000011 710.50000000000011 8.8875000000000011 43.500000000000007 0
decision_type=10 8 10 10 2 8 9
left_child=-1 3 6 -2 5 -5 -3
right_child=1 2 -4 4 -6 -7 -8
leaf_value=0.0092141635128429791 -0.00036376782063154311 -0.0099748675773391176 -0.028939340946634331 0.0022219045391681561 0.056992822586690188 0.025034704763977785 0.00059429633238170247
leaf_weight=251.09591466048732 699.99092255905271 288.76295540493447 46.979751977720298 127.13494577456731 4.291104430332779 49.291254749172367 431.49832955328748
leaf_count=4767 21736 28218 26871 27896 236 8036 50242
internal_value=5.80042e-05 -0.00136076 -0.00540647 0.00217434 0.0117506 0.0091098 -0.00368259
internal_weight=1899.05 1647.95 767.241 880.708 180.717 176.426 720.261
internal_count=168002 163235 105331 57904 36168 35932 78460
cat_boundaries=0 1
cat_threshold=4
is_linear=0
shrinkage=0.05


Tree=110
num_leaves=8
num_cat=4
split_feature=16 14 1 6 16 16 6
split_gain=7.93236 8.62485 15.0943 13.6738 17.7344 14.705 13.8134
threshold=0 1 87.500000000000014 7.4945000000000013 2 3 8.0150000000000023
decision_type=9 9 10 2 9 9 2
left_child=-1 2 -2 4 -3 -5 -7
right_child=1 3 -4 5 -6 6 -8
leaf_value=-0.0072602133112066704 -0.010744328467642963 -0.010441922932220571 0.0040235447229080828 0.024202288672430537 0.0064819997235781995 0.018081144267915152 -0.014634091199700114
leaf_weight=293.34710740041919 313.3130564703024 218.65198078693356 374.91104861127678 139.54830516886432 444.1213190164417 54.188350094365887 65.936423943028785
leaf_count=27423 38931 30685 14288 6934 44247 3030 2434
internal_value=9.35755e-05 0.00148696 -0.00272851 0.00464585 0.000803039 0.0142535 0.00023758
internal_weight=1904.02 1610.67 688.224 922.446 662.773 259.673 120.125
internal_count=167972 140549 53219 87330 74932 12398 5464
cat_boundaries=0 2 3 5 7
cat_threshold=4203526 704545 4 4164173977 1312066 3718774872 1324226
is_linear=0
shrinkage=0.05


Tree=111
num_leaves=8
num_cat=3
split_feature=4 16 5 3 16 16 0
split_gain=9.31475 8.65448 10.6219 10.5266 8.75508 8.15846 10.34
threshold=36.500000000000007 0 72500.000000000015 27.500000000000004 1 2 562.50000000000011
decision_type=8 9 2 10 9 9 8
left_child=1 2 -1 4 -3 -5 -7
right_child=-2 3 -4 5 -6 6 -8
leaf_value=0.0069471253655243722 0.053480694849060574 0.0029684301628062136 -0.012388233746633136 -0.0011363598952572019 -0.012184605705845421 0.040917699050202067 0.0060886716165598469
leaf_weight=92.016016701352783 3.0330653782002619 158.56514448521193 270.69528905564221 524.23511991975829 215.81548384332564 17.291927432641387 624.76692442130297
leaf_count=6737 168 21530 26879 40974 28137 229 43472
internal_value=-0.000248584 -0.000474098 -0.00725791 0.0011806 -0.00605508 0.00352927 0.00722398
internal_weight=1906.42 1903.39 362.711 1540.67 374.381 1166.29 642.059
internal_count=168126 167958 33616 134342 49667 84675 43701
cat_boundaries=0 2 4 6
cat_threshold=2955149700 168930 138542096 1067032 146865170 16408
is_linear=0
shrinkage=0.05


Tree=112
num_leaves=8
num_cat=2
split_feature=3 16 16 5 4 0 6
split_gain=9.77774 11.9407 11.5843 9.79856 11.8993 9.42556 8.28276
threshold=27.500000000000004 0 1 72500.000000000015 17.500000000000004 683.50000000000011 5.2495000000000003
decision_type=10 9 9 2 10 10 2
left_child=1 -1 6 -3 -5 -6 -2
right_child=2 3 -4 4 5 -7 -8
leaf_value=-0.013080369300105447 -0.020225738034221851 0.017201016541563346 -0.003098640249032455 -0.012122600690419195 0.035184838618831191 -0.016156101332071137 0.0069524602000322179
leaf_weight=246.60657197079854 24.269386432133615 72.527918231789954 573.82058494113153 116.15713276783936 23.254132211208344 9.5718200374394637 832.70877152989851
leaf_count=34861 3342 6860 48671 18992 534 1226 53291
internal_value=0.000319973 -0.0059148 0.00237331 0.00263629 -0.0046112 0.0200575 0.00600031
internal_weight=1898.92 468.118 1430.8 221.511 148.983 32.826 856.978
internal_count=167777 62473 105304 27612 20752 1760 56633
cat_boundaries=0 2 4
cat_threshold=1134166813 3696071 1193223726 533967
is_linear=0
shrinkage=0.05


Tree=113
num_leaves=8
num_cat=3
split_feature=1 16 1 4 5 16 16
split_gain=8.93223 16.3786 9.89225 7.5466 6.82229 24.3585 19.5277
threshold=55.500000000000007 0 46.500000000000007 36.500000000000007 109500.00000000001 1 2
decision_type=10 9 8 8 2 9 9
left_child=1 2 -1 4 6 -6 -2
right_child=3 -3 -4 -5 5 -7 -8
leaf_value=0.028062070335462808 -0.0051151389404550524 -0.021831014917501071 -0.010077079366166681 0.048989000587058185 0.0071988212726994145 -0.0089731229589727155 0.0104767321272812
leaf_weight=31.74257708346704 314.51977548748255 96.052903125470039 27.959103746165056 3.3591770760249338 413.85431709664408 495.63529178948374 513.35822811920661
leaf_count=6204 18678 23943 4597 167 31998 50630 31940
internal_value=0.000546538 -0.0107335 0.00935643 0.00158369 0.00135171 -0.00163452 0.00462244
internal_weight=1896.48 155.755 59.7017 1740.73 1737.37 909.49 827.878
internal_count=168157 34744 10801 133413 133246 82628 50618
cat_boundaries=0 2 4 6
cat_threshold=1479442978 1316886 2220717762 1338284 2687852355 1059372
is_linear=0
shrinkage=0.05


Tree=114
num_leaves=8
num_cat=3
split_feature=16 4 5 15 0 3 16
split_gain=8.80525 14.6174 9.61169 9.53002 11.0649 8.22928 8.58406
threshold=0 25.500000000000004 151500.00000000003 1 758.50000000000011 32.500000000000007 2
decision_type=9 8 2 9 8 8 9
left_child=1 3 -2 4 -1 -4 -7
right_child=2 -3 5 -5 -6 6 -8
leaf_value=-0.0023479751558695356 0.00013497579427031994 0.011931184531926285 -0.0017397102978631972 -0.023302343153612261 -0.026411982468866148 -0.0041971225000455008 0.019951704251877787
leaf_weight=565.4933606312843 781.43488007545238 120.43559355137404 96.46783089073142 62.773089814989362 47.333237184793688 46.115915012662299 174.64463841496035
leaf_count=43151 60429 4159 13142 10353 20383 3825 12469
internal_value=0.000220782 -0.00374513 0.00310403 -0.00666181 -0.00433516 0.0103985 0.0156237
internal_weight=1894.7 796.035 1098.66 675.6 612.827 317.228 220.761
internal_count=167911 78046 89865 73887 63534 29436 16294
cat_boundaries=0 2 3 5
cat_threshold=4028021011 2790576 20 188809348 1313600
is_linear=0
shrinkage=0.05


Tree=115
num_leaves=8
num_cat=4
split_feature=4 16 12 16 6 0 14
split_gain=7.70394 6.78167 6.89291 9.98047 10.9072 6.56987 7.20612
threshold=36.500000000000007 0 1 2 6.8525000000000009 610.50000000000011 3
decision_type=8 9 1 9 2 8 9
left_child=1 -1 3 4 -3 6 -4
right_child=-2 2 5 -5 -6 -7 -8
leaf_value=0.0028932954651394371 0.047485420518454904 -0.013391769115159415 -0.0082311293207852961 -0.012573037575418101 0.04524468483406973 -0.0058705676854149749 0.013192594699424787
leaf_weight=875.60180644661887 3.4676009006798258 8.0985194901586492 58.963139138184488 18.975225637084804 25.877430500229821 813.60467085137498 98.504978908225894
leaf_count=72336 167 760 931 2352 1134 88380 1918
internal_value=-0.00010133 -0.000312625 -0.00305307 0.013709 0.0249434 -0.0040639 0.00516415
internal_weight=1903.09 1899.63 1024.02 52.9512 33.9759 971.073 157.468
internal_count=167978 167811 95475 4246 1894 91229 2849
cat_boundaries=0 2 3 5 6
cat_threshold=3574104717 3939790 1 45155330 49169 4
is_linear=0
shrinkage=0.05


Tree=116
num_leaves=8
num_cat=5
split_feature=13 16 16 14 6 16 0
split_gain=8.67842 12.8854 11.929 9.10201 8.28939 8.41529 8.08894
threshold=0 1 2 3 6.3775000000000004 4 670.50000000000011
decision_type=9 9 9 9 2 9 8
left_child=1 6 -2 4 -4 -6 -1
right_child=2 -3 3 -5 5 -7 -8
leaf_value=0.0064600987326513537 -0.010757937407755507 0.0004557001183910523 0.032220844473057023 -0.002044358610158318 0.024425203700537419 -0.0099192215622587523 0.027448799065203457
leaf_weight=120.52019676566124 334.19954720430542 941.98333293170435 36.529064748145174 338.71762361662695 11.626960069756022 39.537045933888294 73.689284743042663
leaf_count=2260 41076 70881 5000 35714 1092 3621 8400
internal_value=0.000207726 0.00295945 -0.00388319 0.00168737 0.0156161 0.00194794 0.0142001
internal_weight=1896.8 1136.19 760.61 426.411 87.6931 51.164 194.209
internal_count=168044 81541 86503 45427 9713 4713 10660
cat_boundaries=0 1 3 5 6 8
cat_threshold=8 3364552768 1574916 2594899326 1737986 1 1073758208 266468
is_linear=0
shrinkage=0.05


Tree=117
num_leaves=8
num_cat=1
split_feature=3 0 6 5 5 6 14
split_gain=7.7967 6.34828 5.9779 5.4337 8.09275 9.54165 6.94397
threshold=27.500000000000004 675.50000000000011 5.3550000000000013 203500.00000000003 205500.00000000003 6.5050000000000008 0
decision_type=10 10 2 2 2 2 9
left_child=1 -1 -2 -4 -5 6 -6
right_child=2 -3 3 4 5 -7 -8
leaf_value=-0.00095817181880946246 -0.013749272891320198 -0.012789688154212079 0.00091841716181359067 0.051588965383418055 -0.0026338693042445688 -0.0035949289773662026 0.028116975676063888
leaf_weight=270.37982832547277 56.68959457433084 191.35390278790146 1195.655027912173 6.1853710737195788 24.894114057533443 94.482648420380428 57.280703990545589
leaf_count=9707 8519 52709 78508 572 3093 8207 6135
internal_value=-0.000330631 -0.00594593 0.00149031 0.00216445 0.0100713 0.00723766 0.0191845
internal_weight=1896.92 461.734 1435.19 1378.5 182.843 176.657 82.1748
internal_count=167450 62416 105034 96515 18007 17435 9228
cat_boundaries=0 1
cat_threshold=2
is_linear=0
shrinkage=0.05


Tree=118
num_leaves=8
num_cat=4
split_feature=2 16 16 3 2 16 16
split_gain=11.4677 11.7544 8.45323 8.71982 7.85036 13.7526 7.51162
threshold=40.500000000000007 0 1 51.500000000000007 94.500000000000014 2 3
decision_type=10 9 9 8 10 9 9
left_child=1 -1 3 -2 6 -6 -4
right_child=2 -3 4 -5 5 -7 -8
leaf_value=0.018049942348819712 0.0046172419996102889 -0.028968220105425758 -0.0095159501477778945 0.027457047440839901 -0.0045406661321500995 0.016883470504588771 -0.000295763608309231
leaf_weight=9.1160976180690323 396.56228446855675 42.806081096525304 287.45076797995716 42.239116501878016 141.49356448836625 136.75863576401025 835.56068240536842
leaf_count=1843 34529 11405 28636 2766 5440 5377 77687
internal_value=0.000334145 -0.0217709 0.0010152 0.00694391 -0.000902405 0.00653703 -0.0027745
internal_weight=1891.99 51.9222 1840.07 438.801 1401.26 278.252 1123.01
internal_count=167683 13248 154435 37295 117140 10817 106323
cat_boundaries=0 2 4 6 8
cat_threshold=1091305984 153604 175706209 1050849 1082262798 2531868 2768560256 184578
is_linear=0
shrinkage=0.05


Tree=119
num_leaves=8
num_cat=3
split_feature=16 6 16 6 6 6 14
split_gain=7.96311 6.92737 15.31 7.91769 5.78213 5.74589 6.4272
threshold=0 6.0050000000000008 1 7.910000000000001 5.2495000000000003 5.3550000000000013 2
decision_type=9 2 9 2 2 2 9
left_child=1 2 4 -3 -1 -2 -7
right_child=5 3 -4 -5 -6 6 -8
leaf_value=-0.0020340934828247327 -0.015371239646857044 -0.0036388735020015245 -0.0041056555232650994 0.013786176621762864 0.047680738902044086 -0.0044459421902621026 0.0021895343508242979
leaf_weight=6.3023308634292325 65.483232282393146 175.83390229090583 47.772300080803689 97.231051491631661 38.249071224941872 650.35078299243469 818.84565750212641
leaf_count=1089 13209 15421 6097 4143 3945 50685 73315
internal_value=0.000178236 0.0066584 0.0183042 0.00270204 0.034242 -0.00141528 -0.000752826
internal_weight=1900.07 365.389 92.3237 273.065 44.5514 1534.68 1469.2
internal_count=167904 30695 11131 19564 5034 137209 124000
cat_boundaries=0 2 4 5
cat_threshold=2373734468 1830 2231898176 518 4
is_linear=0
shrinkage=0.05


Tree=120
num_leaves=8
num_cat=3
split_feature=0 16 16 5 2 14 6
split_gain=9.41941 11.933 11.1774 9.18186 9.05482 13.6812 8.39193
threshold=627.50000000000011 0 1 262500.00000000006 79.500000000000014 2 7.955000000000001
decision_type=8 9 9 2 10 9 2
left_child=1 6 3 -2 5 -4 -1
right_child=2 -3 4 -5 -6 -7 -8
leaf_value=0.020762138282380365 0.001793747683500979 -0.0014497430323950726 -0.00030595181160990715 0.031445133252351015 -0.0011572868310136071 -0.021317797550855451 0.0016155580349805016
leaf_weight=160.97819125745445 630.19879328319803 264.14994648564607 135.03248795663239 22.284212544560432 417.53702140203677 177.20063402072992 88.719393400475383
leaf_count=3051 60474 5423 20700 2857 34286 40126 1014
internal_value=0.000407218 0.00615359 -0.00174346 0.00299235 -0.00592929 -0.0123788 0.0135909
internal_weight=1896.1 513.848 1382.25 652.483 729.77 312.233 249.698
internal_count=167931 9488 158443 63331 95112 60826 4065
cat_boundaries=0 2 4 5
cat_threshold=444272648 796309 2233296386 1079692 1
is_linear=0
shrinkage=0.05


Tree=121
num_leaves=8
num_cat=4
split_feature=8 14 16 0 16 0 16
split_gain=9.4491 13.3875 16.2621 11.1146 21.3199 9.24466 12.5113
threshold=1.5000000000000002 0 1 710.50000000000011 2 651.50000000000011 3
decision_type=8 9 9 10 9 8 9
left_child=3 5 -3 -1 -5 -2 -7
right_child=1 2 -4 4 -6 6 -8
leaf_value=0.0023107129961642478 -0.00077893074119907851 -0.010584250775152191 0.0081114023679080046 0.031573924973384994 -0.0018480958155907838 0.010726152682519691 -0.021778792217827716
leaf_weight=834.41509619844146 157.09868428157642 150.72817406826653 380.83928011718672 84.960769099183381 96.313059906009585 29.877182996307965 160.42586179921636
leaf_count=23554 4141 21226 48171 14945 21266 4280 30153
internal_value=0.00151676 -0.00227244 0.00271486 0.00479096 0.0158392 -0.00983386 -0.0170976
internal_weight=1894.66 878.969 531.567 1015.69 181.274 347.402 190.303
internal_count=167736 107971 69397 59765 36211 38574 34433
cat_boundaries=0 1 3 5 7
cat_threshold=4 1947527311 574022 1571587076 1317076 2148294850 1065234
is_linear=0
shrinkage=0.05


Tree=122
num_leaves=8
num_cat=2
split_feature=1 16 16 3 0 6 3
split_gain=7.44411 12.038 7.85737 9.10118 10.099 12.9923 7.84657
threshold=62.500000000000007 0 1 46.500000000000007 685.50000000000011 7.9945000000000013 25.500000000000004
decision_type=10 9 9 10 8 2 8
left_child=1 -1 3 4 -2 6 -6
right_child=2 -3 -4 -5 5 -7 -8
leaf_value=0.007995383891785654 -0.0012809247189096006 -0.014911722507397474 -0.00051944494151293422 0.023095282589069496 -0.017520666674832885 0.0424205084073851 0.013780958142705217
leaf_weight=76.423952081182506 275.02255094959401 159.12831931060646 1202.1735761935124 70.706439353874885 22.379953632655088 28.701177686569281 71.835323275066912
leaf_count=12076 7841 36868 87781 3497 5640 2805 11562
internal_value=0.000471235 -0.00775542 0.00165071 0.00702693 0.00409512 0.0157038 0.0058373
internal_weight=1906.37 235.552 1670.82 468.645 397.939 122.916 94.2153
internal_count=168070 48944 119126 31345 27848 20007 17202
cat_boundaries=0 2 4
cat_threshold=3362410572 1185821 85565571 3424808
is_linear=0
shrinkage=0.05


Tree=123
num_leaves=8
num_cat=4
split_feature=2 16 16 15 14 0 5
split_gain=10.6368 21.9237 10.1813 9.45244 8.76505 7.36925 8.8161
threshold=94.500000000000014 0 1 2 3 667.50000000000011 72500.000000000015
decision_type=10 9 9 9 9 8 2
left_child=2 -2 4 -3 -1 -4 -7
right_child=1 3 5 -5 -6 6 -8
leaf_value=-0.0059755429936871685 -0.0066717912611523921 0.022414715203931772 -0.0022111734283436048 -0.0055704974990779983 0.0044700643689213337 0.0042687404699274286 -0.017593879952081334
leaf_weight=287.56729446497047 156.74243315530475 168.14335928682704 345.48867350257933 35.72402479336597 636.14755973912543 55.878700097964611 219.50526682718191
leaf_count=27485 5630 6630 11646 1941 54585 9693 50276
internal_value=-0.00035106 0.00732124 -0.00216013 0.0174651 0.00119069 -0.0070219 -0.0131607
internal_weight=1905.2 360.61 1544.59 203.867 923.715 620.873 275.384
internal_count=167886 14201 153685 8571 82070 71615 59969
cat_boundaries=0 2 4 5 6
cat_threshold=13178126 3287701 2374997092 3811997 20 4
is_linear=0
shrinkage=0.05


Tree=124
num_leaves=8
num_cat=0
split_feature=5 6 6 0 0 5 4
split_gain=7.68218 12.0141 10.9629 8.87938 8.15708 7.32254 7.16219
threshold=109500.00000000001 6.9945000000000013 6.3775000000000004 662.50000000000011 562.50000000000011 100500.00000000001 29.500000000000004
decision_type=2 2 2 10 8 2 10
left_child=1 -1 6 4 -3 -6 -2
right_child=2 3 -4 -5 5 -7 -8
leaf_value=-0.0043528275742876141 0.00064970200971497648 0.029264498466278335 -0.0078831474212693719 0.015000855498193336 -0.002615379027912612 0.021156115813117646 0.023351483543530175
leaf_weight=375.05148679076228 327.07581816171296 20.63454644382 606.42148685909342 215.11118260235526 293.1368354212027 31.345081191975623 33.91529938345775
leaf_count=39517 46439 253 50050 24021 5743 656 1406
internal_value=-0.000685921 0.00253852 -0.00380029 0.00714972 0.00211176 -3.28397e-05 0.00307243
internal_weight=1902.69 935.279 967.413 560.228 345.116 324.482 360.991
internal_count=168085 70190 97895 30673 6652 6399 47845
is_linear=0
shrinkage=0.05


Tree=125
num_leaves=8
num_cat=4
split_feature=15 16 2 16 5 14 2
split_gain=7.72295 13.1006 7.64941 8.10323 8.27411 6.81777 9.71184
threshold=0 1 36.500000000000007 2 314500.00000000006 3 94.500000000000014
decision_type=9 9 10 9 2 9 10
left_child=2 -2 -1 -4 5 -5 -7
right_child=1 -3 3 4 -6 6 -8
leaf_value=-0.021566311288655819 0.0064918258544286933 -0.016519807284230217 -0.0044352577474490234 -0.0012848984014241227 0.039478349150694952 0.0050438685943012635 0.033341311140215213
leaf_weight=30.967927613062784 90.869783814938273 152.40587547310861 390.10434788477141 491.87004008010263 11.032438141817691 707.30040582513902 26.938044706359506
leaf_count=8029 9032 19544 31811 34531 1417 62709 845
internal_value=7.60708e-07 -0.00804654 0.00124292 0.00174935 0.00371533 0.00326468 0.00630055
internal_weight=1901.49 243.276 1658.21 1627.25 1237.14 1226.11 734.238
internal_count=167918 28576 139342 131313 99502 98085 63554
cat_boundaries=0 1 3 5 6
cat_threshold=20 2287538287 2126246 3374529541 442656 4
is_linear=0
shrinkage=0.05


Tree=126
num_leaves=8
num_cat=3
split_feature=16 6 16 6 0 6 16
split_gain=8.91181 8.99254 34.6308 11.8249 12.6283 10.2084 10.528
threshold=0 6.1025000000000009 1 5.2495000000000003 769.50000000000011 7.8600000000000003 2
decision_type=9 2 9 2 8 2 9
left_child=-1 2 3 -2 -5 6 -3
right_child=1 5 -4 4 -6 -7 -8
leaf_value=-0.0072730437459625364 -0.0081878015274126671 0.0029985543526908688 -0.0079864326448652878 0.032225686091183814 -0.016651493391200357 0.0050860363394388559 -0.0091404935267204428
leaf_weight=326.8258428297122 23.228148650960065 296.70679840847151 165.33100644143997 150.6190463299863 11.419677550613413 494.76995106745744 419.63118980964646
leaf_count=31443 5258 24973 20173 15180 5542 24535 40274
internal_value=4.6395e-05 0.0016325 0.00863388 0.0225219 0.0283857 -0.000408044 -0.00421172
internal_weight=1888.53 1561.71 350.598 185.267 162.039 1211.11 716.338
internal_count=167378 135935 46153 25980 20722 89782 65247
cat_boundaries=0 2 4 6
cat_threshold=136347078 3837984 2240709136 2831 1913978889 271496
is_linear=0
shrinkage=0.05


Tree=127
num_leaves=8
num_cat=2
split_feature=5 7 16 6 6 16 3
split_gain=8.50398 7.97221 17.1021 7.5354 7.97271 6.48575 7.98115
threshold=314500.00000000006 1.5000000000000002 0 8.1275000000000031 6.3525000000000009 1 49.500000000000007
decision_type=2 10 9 2 2 9 10
left_child=1 5 3 4 -3 6 -1
right_child=-2 2 -4 -5 -6 -7 -8
leaf_value=0.0017857286321763149 0.031051927945992777 0.05197497587875375 -0.018436552191606902 0.078797029094858598 -0.0036394319787248701 -0.002656582675573975 0.021731400180168468
leaf_weight=480.62270899926079 16.932831462472677 6.1777215260663132 14.276021804776972 7.2605674656806505 13.807842146488836 1310.7548359190696 51.165078389574774
leaf_count=40888 2354 657 1319 354 1176 118332 2950
internal_value=9.74161e-05 -0.000262237 0.0201809 0.0349998 0.0205123 -0.000776297 0.00381818
internal_weight=1901 1884.06 41.5222 27.2461 19.9856 1842.54 531.788
internal_count=168030 165676 3506 2187 1833 162170 43838
cat_boundaries=0 2 4
cat_threshold=2469234192 295576 1333662914 1069317
is_linear=0
shrinkage=0.05


Tree=128
num_leaves=8
num_cat=4
split_feature=13 16 0 16 1 5 16
split_gain=7.69384 12.0327 11.5625 9.89687 8.7739 6.60024 8.72019
threshold=0 1 656.50000000000011 2 62.500000000000007 43500.000000000007 3
decision_type=9 9 10 9 10 2 9
left_child=3 2 4 -1 -2 6 -5
right_child=1 -3 -4 5 -6 -7 -8
leaf_value=0.0095601515160056907 -0.018040855085135799 -0.0088860286631926074 -0.0054213786987605747 -0.011336060706116955 0.020449499742571306 -0.0018527796132876803 0.028990690577430273
leaf_weight=299.99811559933005 13.178825406357644 500.47740037541371 136.38794282783056 14.343301765446084 104.6399884596467 800.57611122116214 23.50367832602933
leaf_count=26170 671 60068 23032 681 2744 53546 1026
internal_value=-0.000595572 -0.0044602 0.00426291 0.00199622 0.0155849 -0.000830707 0.0182886
internal_weight=1893.11 754.684 254.207 1138.42 117.819 838.423 37.847
internal_count=167938 86515 26447 81423 3415 55253 1707
cat_boundaries=0 1 3 5 7
cat_threshold=8 85222150 2377702 2285572188 1575936 117497858 303370
is_linear=0
shrinkage=0.05


Tree=129
num_leaves=8
num_cat=1
split_feature=3 3 14 6 5 5 1
split_gain=7.52156 8.50477 4.95366 11.6297 7.66091 5.43689 5.31277
threshold=26.500000000000004 4.5000000000000009 0 6.9775000000000009 240500.00000000003 53500.000000000007 88.500000000000014
decision_type=8 10 9 2 2 2 10
left_child=1 -1 4 -4 5 6 -2
right_child=2 -3 3 -5 -6 -7 -8
leaf_value=0.045176053970350773 0.025215479157359263 -0.007733689481488934 -0.0015113908704323051 0.010206458087980833 0.017260763525351729 -0.0050177463546899198 -0.0032201754794217276
leaf_weight=2.8344167363829902 26.118809830513783 372.90356279572006 480.6240937334951 371.9522158196778 42.745174777228385 574.08282068243716 32.691961439093575
leaf_count=470 2135 53447 48496 18596 4435 39757 846
internal_value=-0.000457609 -0.00674653 0.00110559 0.00363044 -0.00208374 -0.0035153 0.0103948
internal_weight=1903.95 375.738 1528.22 852.576 675.639 632.894 58.8108
internal_count=168182 53917 114265 67092 47173 42738 2981
cat_boundaries=0 1
cat_threshold=4
is_linear=0
shrinkage=0.05


Tree=130
num_leaves=8
num_cat=4
split_feature=2 16 16 15 3 16 3
split_gain=9.21337 16.1718 9.8682 7.06948 6.40975 7.37132 5.86428
threshold=94.500000000000014 0 1 2 34.500000000000007 3 54.500000000000007
decision_type=10 9 9 9 8 9 8
left_child=2 -2 -1 6 -3 -6 -4
right_child=1 4 3 -5 5 -7 -8
leaf_value=-0.0076185253808589001 0.020031329790036558 -0.012320495930765112 0.0015946788230269732 -0.0098586772627316226 0.012380662500397856 -0.008839866004694958 0.016627239755755505
leaf_weight=422.45859119395027 137.2273233269807 78.178371824207716 931.661989335611 113.03099367284449 94.652646865695715 53.29230002395343 64.883434332790785
leaf_count=52180 5621 3606 82207 14529 3246 1804 4788
internal_value=0.000441506 0.0075428 -0.00126176 0.00123907 -0.00112358 0.00492908 0.00262533
internal_weight=1895.39 363.351 1532.04 1109.58 226.123 147.945 996.545
internal_count=167981 14277 153704 101524 8656 5050 86995
cat_boundaries=0 2 4 5 7
cat_threshold=1932976784 20482 570843800 2150690 20 76021869 1352824
is_linear=0
shrinkage=0.05


Tree=131
num_leaves=8
num_cat=3
split_feature=6 16 5 16 16 3 2
split_gain=5.68948 5.25416 6.87955 18.347 16.3933 8.66288 8.79259
threshold=9.6325000000000021 0 97500.000000000015 1 2 30.500000000000004 95.500000000000014
decision_type=2 9 2 9 9 10 10
left_child=1 -1 3 -3 -4 6 -6
right_child=-2 2 4 -5 5 -7 -8
leaf_value=0.011686866082671039 0.021453849334944722 0.009328081164044098 -0.01036564833973825 -0.0064858051598193399 -0.0093996291932030122 0.0058119060029236565 0.045127393422702472
leaf_weight=75.152579366404098 26.139603614807129 440.00140902039129 446.05013092776062 294.76186200592201 169.35560017632088 441.95492654887494 2.8146473260130724
leaf_count=4814 290 33465 45426 20954 26205 36550 190
internal_value=0.000257335 -9.53611e-05 -0.000680914 0.00302155 -0.00325547 0.00208454 -0.00725982
internal_weight=1896.23 1870.09 1794.94 734.763 1060.18 614.125 172.17
internal_count=167894 167604 162790 54419 108371 62945 26395
cat_boundaries=0 2 4 6
cat_threshold=134742016 2084 330727736 4084881 1395032232 3314833
is_linear=0
shrinkage=0.05


Tree=132
num_leaves=8
num_cat=4
split_feature=8 0 16 16 0 16 16
split_gain=8.60635 9.9262 13.3743 10.4924 8.23189 15.0422 7.59992
threshold=1.5000000000000002 703.50000000000011 0 1 710.50000000000011 2 3
decision_type=8 10 9 9 10 9 9
left_child=4 3 -3 -2 6 -6 -1
right_child=1 2 -4 -5 5 -7 -8
leaf_value=-0.0058864231910448917 0.0090620058653363804 0.0076928809058346625 -0.01989246782259102 -0.0040742228810362515 -0.0082072735715744971 0.021512740055853411 0.0045804760042074547
leaf_weight=225.95342067070305 205.47062926832587 55.806346024386585 140.07925174513366 474.54363041510805 54.989685626176652 128.1176375070936 612.3014363378752
leaf_count=6188 10116 17868 52814 27273 11798 24552 17392
internal_value=0.000747849 -0.00287979 -0.012645 4.95796e-06 0.00385772 0.0133138 0.00172544
internal_weight=1897.26 875.9 195.886 680.014 1021.36 183.107 838.255
internal_count=168001 108071 70682 37389 59930 36350 23580
cat_boundaries=0 2 4 6 8
cat_threshold=3295152288 1084094 260657414 921952 554922415 3048739 2399404292 1497268
is_linear=0
shrinkage=0.05


Tree=133
num_leaves=8
num_cat=2
split_feature=16 5 13 2 5 6 0
split_gain=7.99179 8.58571 8.32201 8.23851 8.21379 12.6949 9.36076
threshold=0 40500.000000000007 1 75.500000000000014 203500.00000000003 6.5525000000000011 723.50000000000011
decision_type=9 2 9 8 2 2 8
left_child=4 2 3 -2 -1 6 -6
right_child=1 -3 -4 -5 5 -7 -8
leaf_value=-0.0064006494210393523 0.065464748276816323 0.0017304029036655827 -0.0047373132383526709 0.0097428987558370178 0.036683130391212557 -0.010550755477894982 -0.013928561097860613
leaf_weight=566.5512659556116 13.619925950188192 1189.1034779663314 23.611218998150434 13.493832711363209 36.945980777731165 38.49629486707272 8.8048350182361883
leaf_count=48994 836 105958 2150 317 2427 3705 3331
internal_value=0.000269942 0.00261589 0.0218254 0.0332227 -0.0041616 0.00994441 0.0265302
internal_weight=1890.63 1239.83 50.725 27.1138 650.798 84.2471 45.7508
internal_count=167718 109261 3303 1153 58457 9463 5758
cat_boundaries=0 2 3
cat_threshold=632650176 2271498 8
is_linear=0
shrinkage=0.05


Tree=134
num_leaves=8
num_cat=3
split_feature=16 5 3 5 6 16 16
split_gain=9.78064 10.4211 10.0113 9.27093 6.9746 7.68555 6.80695
threshold=0 39500.000000000007 45.500000000000007 240500.00000000003 8.2075000000000014 1 2
decision_type=9 2 10 2 2 9 9
left_child=2 -2 -1 6 -3 -6 -4
right_child=1 4 3 -5 5 -7 -8
leaf_value=0.0011420451777588237 0.022513812825507636 -0.0068668372006281397 0.022232200333471678 0.046536733285420795 0.016668156212694921 -0.0035913639524951034 0.0016788644304831424
leaf_weight=796.72839475382352 31.889069777855184 704.77288659184705 53.259744540031534 14.874660028610377 59.066907605563756 119.12833594030235 119.46254518011119
leaf_count=70416 2042 77787 3037 1024 3129 4034 6543
internal_value=0.000154026 -0.00353874 0.00358624 0.0138539 -0.00464098 0.00410958 0.00980917
internal_weight=1899.18 914.857 984.325 187.597 882.968 178.195 172.722
internal_count=168012 86992 81020 10604 84950 7163 9580
cat_boundaries=0 2 4 6
cat_threshold=3885564582 1601867 136593424 2392192 2266497024 1052737
is_linear=0
shrinkage=0.05


Tree=135
num_leaves=8
num_cat=1
split_feature=16 2 5 1 0 7 4
split_gain=8.27682 6.62233 6.30886 5.31753 12.7272 8.43738 7.03376
threshold=0 34.500000000000007 220500.00000000003 79.500000000000014 683.50000000000011 1.5000000000000002 25.500000000000004
decision_type=9 10 2 10 10 10 10
left_child=2 -2 3 5 -5 -1 -6
right_child=1 -3 -4 4 6 -7 -8
leaf_value=-0.0030668173203529103 -0.027764720944578981 -0.0024212667931372204 -0.013833747547198414 0.0033739668890506187 0.033989208279487863 0.042769687643168589 -0.00091062418235276956
leaf_weight=168.35405976237962 21.324755326553714 1402.1032700720243 37.428498100896832 189.0848902319558 63.277154856768902 5.6574626867659381 17.983319546561688
leaf_count=20744 6337 122356 4195 4504 8113 474 1333
internal_value=-0.000966412 -0.00287666 0.0046133 0.00640641 0.0107305 -0.000423598 0.0266606
internal_weight=1905.21 1423.43 481.785 444.357 270.345 174.012 81.2605
internal_count=168056 128693 39363 35168 13950 21218 9446
cat_boundaries=0 2
cat_threshold=3228532745 281094
is_linear=0
shrinkage=0.05


Tree=136
num_leaves=8
num_cat=3
split_feature=16 3 0 14 16 6 0
split_gain=7.39149 9.56215 7.32444 6.4583 8.88273 7.08845 6.68682
threshold=0 41.500000000000007 780.50000000000011 1 2 9.8450000000000006 583.50000000000011
decision_type=9 8 10 9 9 2 8
left_child=1 -1 3 4 -2 -5 -6
right_child=2 -3 -4 5 6 -7 -8
leaf_value=0.0012045341032676715 0.011929372802191576 0.017088874587516286 -0.022407171479961078 -0.003151521429626711 0.027541248825815153 0.028689351962729717 -0.006011061901554527
leaf_weight=299.09275306575 193.94740486063529 134.25277851021383 34.671456714393571 1039.9622302443022 11.280644007027147 12.811668898444621 170.00907677260693
leaf_count=28908 16947 8066 17356 83661 153 123 12636
internal_value=0.000507006 0.00612466 -0.00120603 -0.000623307 0.00496798 -0.00263026 -0.00307505
internal_weight=1896.03 433.346 1462.68 1428.01 375.237 1052.77 181.29
internal_count=167850 36974 130876 113520 29736 83784 12789
cat_boundaries=0 2 3 5
cat_threshold=2239561760 1591584 1 1484947797 2240650
is_linear=0
shrinkage=0.05


Tree=137
num_leaves=8
num_cat=3
split_feature=16 0 5 16 0 16 6
split_gain=8.66451 5.59588 4.84226 15.1148 9.08889 8.30706 8.21241
threshold=0 583.50000000000011 181500.00000000003 1 684.50000000000011 2 6.5050000000000008
decision_type=9 8 2 9 8 9 2
left_child=1 -1 -2 -4 6 -6 -5
right_child=2 -3 3 4 5 -7 -8
leaf_value=0.013494528926151737 0.0010927950722158573 -0.0064381432340506577 -0.013374165316144718 0.037213934961629724 0.01745314682616584 -0.012342323939637436 0.010938105303575883
leaf_weight=33.246428117156029 1127.2026581806713 495.53497895650798 50.684024848451372 53.910311735467985 25.539080151298549 40.323294996516779 72.506385505665094
leaf_count=516 90749 47905 5955 2599 5303 12183 2838
internal_value=0.000376676 -0.004977 0.0024716 0.00881706 0.0147857 0.000348796 0.023133
internal_weight=1898.95 528.781 1370.17 242.963 192.279 65.8624 126.417
internal_count=168048 48421 119627 28878 22923 17486 5437
cat_boundaries=0 2 4 6
cat_threshold=553699727 165038 1382154240 3949376 2349598240 4097
is_linear=0
shrinkage=0.05


Tree=138
num_leaves=8
num_cat=3
split_feature=0 2 16 16 5 16 3
split_gain=7.5786 6.44179 16.8247 10.9586 14.5404 10.0467 9.16376
threshold=562.50000000000011 79.500000000000014 0 1 183500.00000000003 2 28.500000000000004
decision_type=8 10 9 9 2 9 10
left_child=-1 2 -2 -3 -5 -6 -7
right_child=1 3 -4 4 5 6 -8
leaf_value=0.018025028456548332 -0.011295717514350498 0.0087383254753377378 0.0038403619622897618 -0.0046123641137096336 -0.014753762900697704 -0.0094630871971513823 0.02898921752249653
leaf_weight=59.773542780429125 320.46416468865937 462.01053046924062 395.42539248487446 544.99520434212172 16.563016954518389 16.517715591704473 77.485849208489526
leaf_count=885 53490 25832 48550 30043 1472 1973 5606
internal_value=0.00121577 0.000620231 -0.00306999 0.00298724 -0.00121521 0.0148997 0.0200689
internal_weight=1893.24 1833.46 715.89 1117.57 655.562 110.567 94.0036
internal_count=167851 166966 102040 64926 39094 9051 7579
cat_boundaries=0 2 4 6
cat_threshold=1497604600 2023682 1966712264 1327717 37900293 2759040
is_linear=0
shrinkage=0.05


Tree=139
num_leaves=8
num_cat=2
split_feature=2 8 3 0 14 11 2
split_gain=6.85404 6.33627 9.23004 9.96614 9.199 7.72721 6.58082
threshold=36.500000000000007 1.5000000000000002 44.500000000000007 758.50000000000011 0 1 95.500000000000014
decision_type=10 8 10 10 9 9 10
left_child=-1 -2 3 4 6 -4 -3
right_child=1 2 5 -5 -6 -7 -8
leaf_value=-0.019883881728859146 0.0040085807410390932 -0.012211211252885138 0.01151457264022508 -0.026670715192501044 0.0019406543869553432 -0.023446277613255018 0.020046360597688911
leaf_weight=33.867518496699631 1010.7553158804658 235.87051604688168 160.55800734448712 41.95354250096716 398.43358927179361 12.812663855671415 12.487289872253312
leaf_count=9523 56593 21569 12902 26034 39770 792 812
internal_value=0.00090361 0.00133146 -0.00181225 -0.00441102 -0.00277365 0.00834604 -0.0102257
internal_weight=1906.74 1872.87 862.116 688.745 646.791 173.371 248.358
internal_count=167995 158472 101879 88185 62151 13694 22381
cat_boundaries=0 1 2
cat_threshold=4 1
is_linear=0
shrinkage=0.05


Tree=140
num_leaves=8
num_cat=4
split_feature=6 16 3 16 6 12 16
split_gain=6.77653 20.7344 7.12295 5.81431 8.78164 7.77931 21.9423
threshold=5.6050000000000013 0 22.500000000000004 1 5.8025000000000011 2 3
decision_type=2 9 8 9 2 1 9
left_child=1 2 -1 4 -2 6 -5
right_child=3 -3 -4 5 -6 -7 -8
leaf_value=-0.016835530245524349 0.018826547373052394 -0.019528849644881829 0.026259934571232109 0.040199694288416937 -0.004283877612785994 0.0023242558881253722 -0.012237050863266992
leaf_weight=8.3662860856857133 39.281408001377713 118.18873438000446 42.053144513571169 31.237190327956341 581.40330413158517 1044.8950519686332 29.254595175210852
leaf_count=2541 5487 20300 6088 1331 56583 73207 2339
internal_value=0.000257173 -0.00916108 0.0154478 0.00120098 -0.00264032 0.00335366 0.0201121
internal_weight=1894.68 168.608 50.4194 1726.07 620.685 1105.39 60.4918
internal_count=167876 28929 8629 138947 62070 76877 3670
cat_boundaries=0 2 4 5 7
cat_threshold=2224721952 166669 2233899057 2261901 1 277414918 1048594
is_linear=0
shrinkage=0.05


Tree=141
num_leaves=8
num_cat=0
split_feature=4 3 3 0 4 0 5
split_gain=5.93965 6.45203 5.74303 5.44102 4.30183 4.10672 5.92902
threshold=25.500000000000004 4.5000000000000009 43.500000000000007 768.50000000000011 33.500000000000007 770.50000000000011 90500.000000000015
decision_type=8 8 10 8 10 8 2
left_child=1 -1 3 4 -2 -3 -7
right_child=2 5 -4 -5 -6 6 -8
leaf_value=0.043331063463123209 0.0019100194635053769 -0.0011344595764451934 0.016823834334360577 0.035068853290751947 -0.023791919289953431 0.0037390673613257514 -0.022073185345375303
leaf_weight=2.9774894549627779 201.68839945085347 1501.0127145451843 83.15760184568353 6.5788149754516771 12.672381825745104 34.580921921879053 51.550401753105689
leaf_count=453 6322 122092 2030 681 562 11895 23679
internal_value=-0.000315691 -0.00154414 0.00602892 0.00168352 -0.000117072 -0.00176414 -0.0120733
internal_weight=1894.22 1590.12 304.097 220.94 214.361 1587.14 86.1313
internal_count=167714 158119 9595 7565 6884 157666 35574
is_linear=0
shrinkage=0.05


Tree=142
num_leaves=8
num_cat=4
split_feature=16 3 16 15 5 16 5
split_gain=7.32121 7.56445 12.4963 11.4392 6.69719 6.0426 5.95655
threshold=0 45.500000000000007 1 2 314500.00000000006 3 329500.00000000006
decision_type=9 8 9 9 2 9 2
left_child=4 5 3 -3 -1 -2 -6
right_child=1 2 -4 -5 6 -7 -8
leaf_value=-0.0055670004111850867 0.0043157487065111728 0.022559047709602716 -0.0037142716199821714 -0.015195588278951455 0.053799948179105078 -0.0033953646518448434 -0.010377065580972594
leaf_weight=614.04621262353612 419.36827726324555 136.86154421709944 112.59450042067328 15.534040868922601 4.0947679350501849 597.11073893809225 3.7430231008911505
leaf_count=67641 32246 7714 6045 1283 643 51796 629
internal_value=-0.000400044 0.00176189 0.00921496 0.0176938 -0.00478527 -0.000199431 0.0310467
internal_weight=1903.35 1281.47 264.99 152.396 621.884 1016.48 7.83779
internal_count=167997 99084 15042 8997 68913 84042 1272
cat_boundaries=0 2 4 5 7
cat_threshold=53750737 182658 3502997538 1577033 16 738743300 3940916
is_linear=0
shrinkage=0.05


Tree=143
num_leaves=8
num_cat=3
split_feature=15 13 14 3 3 0 5
split_gain=7.14649 8.32344 6.13154 6.79214 6.11858 5.24097 5.08987
threshold=0 1 2 30.500000000000004 35.500000000000007 690.50000000000011 46500.000000000007
decision_type=9 9 9 8 8 8 2
left_child=1 -1 3 5 6 -3 -5
right_child=-2 2 -4 4 -6 -7 -8
leaf_value=0.003907935461547103 -0.0078907191737834642 0.0034156391757974506 -0.0060408672810034975 -0.016246245593345577 0.0045357679456987472 -0.026162190990658852 0.037516266303125316
leaf_weight=1008.9866062070942 240.79083314759191 35.096907609142363 495.93513399723452 2.2952793047297773 77.043363343633246 19.910753164149355 24.324165213212837
leaf_count=66927 28527 2017 54169 190 6942 6582 2721
internal_value=-0.000106738 0.00108101 -0.00326626 0.00512602 0.0124582 -0.00857829 0.0310446
internal_weight=1904.38 1663.59 654.606 158.67 103.663 55.0077 26.6194
internal_count=168075 139548 72621 18452 9853 8599 2911
cat_boundaries=0 1 2 3
cat_threshold=20 8 1
is_linear=0
shrinkage=0.05


Tree=144
num_leaves=8
num_cat=1
split_feature=16 5 3 7 5 0 3
split_gain=8.02312 10.2034 7.01994 6.24921 5.91597 7.9536 5.43853
threshold=0 236500.00000000003 32.500000000000007 1.5000000000000002 128500.00000000001 562.50000000000011 28.500000000000004
decision_type=9 2 10 10 2 10 8
left_child=1 4 -3 -2 5 -1 -7
right_child=3 2 -4 -5 -6 6 -8
leaf_value=0.027674145010530588 0.0016995779930754334 -0.011815024107972444 0.02756416063201933 0.024548348298898542 -0.015398984184704839 -0.016030322009474757 -0.0008523843756867265
leaf_weight=14.495793737005441 1378.6464364306885 12.904956963669973 32.242418133711908 25.6352635625517 152.97393642622046 79.31577369273873 198.77217675949214
leaf_count=298 117617 2352 2828 2086 17154 11231 14328
internal_value=0.000263296 -0.00514806 0.0162523 0.00218678 -0.00758706 -0.00331259 -0.00538808
internal_weight=1894.99 490.705 45.1474 1404.28 445.558 292.584 278.088
internal_count=167894 48191 5180 119703 43011 25857 25559
cat_boundaries=0 2
cat_threshold=1633114306 1736969
is_linear=0
shrinkage=0.05


Tree=145
num_leaves=8
num_cat=5
split_feature=0 16 16 3 15 16 16
split_gain=5.83518 9.38692 9.20316 7.84904 5.78032 12.0511 6.2886
threshold=600.50000000000011 0 1 22.500000000000004 2 3 4
decision_type=10 9 9 8 9 9 9
left_child=2 3 -1 -2 6 -6 -5
right_child=1 -3 -4 4 5 -7 -8
leaf_value=-0.0054145532717875776 -0.01093743742861443 -0.0038866339202601437 0.013887904939251256 0.0010873016941857704 0.013098675863955118 -0.022483407830762855 0.012833872517972035
leaf_weight=89.794133069226518 73.744787307688966 1033.1960604729829 155.54900752031244 209.96692029084079 31.596914118155837 37.404411972966045 266.23360080108978
leaf_count=1572 12488 107674 2931 15252 2822 4440 20927
internal_value=7.98879e-05 -0.000995188 0.00719474 0.0038249 0.00597245 -0.00676027 0.00784593
internal_weight=1897.49 1652.14 245.343 618.947 545.202 69.0013 476.201
internal_count=168106 163603 4503 55929 43441 7262 36179
cat_boundaries=0 2 4 5 7 9
cat_threshold=3576558692 3146596 3223946338 50156 16 17372228 612 16864324 68
is_linear=0
shrinkage=0.05


Tree=146
num_leaves=8
num_cat=1
split_feature=4 5 5 12 3 5 1
split_gain=4.92762 4.82453 5.61486 7.75355 6.83022 6.0822 5.33751
threshold=36.500000000000007 314500.00000000006 97500.000000000015 0 39.500000000000007 100500.00000000001 68.500000000000014
decision_type=8 2 2 1 8 2 10
left_child=1 2 3 4 -1 -4 -3
right_child=-2 6 5 -5 -6 -7 -8
leaf_value=0.029189402823809826 0.038031071883116704 -0.012176097197866109 -0.019567507391054707 0.00088963796788279603 -0.0035998633931615684 -0.0022389467813233848 0.036155504133145562
leaf_weight=42.206846502900589 3.3320087811443946 5.4540305898408432 48.374411677068565 719.15702932502609 22.423921801324468 1046.592883309233 12.73657423694385
leaf_count=2818 169 1068 5201 52297 1224 103656 1252
internal_value=-0.000338297 -0.000505495 -0.000783228 0.00243849 0.0183714 -0.00308997 0.0221635
internal_weight=1900.28 1896.95 1878.76 783.788 64.6308 1094.97 18.1906
internal_count=167685 167516 165196 56339 4042 108857 2320
cat_boundaries=0 1
cat_threshold=1
is_linear=0
shrinkage=0.05


Tree=147
num_leaves=8
num_cat=2
split_feature=16 4 7 3 16 5 5
split_gain=6.82332 6.42886 6.16705 4.38471 6.91816 7.45016 6.52436
threshold=0 36.500000000000007 1.5000000000000002 41.500000000000007 1 74500.000000000015 50500.000000000007
decision_type=9 8 10 10 9 2 2
left_child=3 2 -2 4 5 -1 -5
right_child=1 -3 -4 6 -6 -7 -8
leaf_value=-0.007108519897215046 -0.0033917464941649851 0.042494809404233364 0.019850340845953395 0.041273283894123436 -0.0023934562583097199 0.023829164965102251 0.0070338093367361609
leaf_weight=25.856339642661624 1246.5313870204263 2.8739040438085786 24.286548062285874 10.433113934705032 342.09963061026065 55.647322835284285 191.54908030782826
leaf_count=1343 110818 129 2030 522 37200 4392 11625
internal_value=-0.000492751 -0.00258318 -0.00287151 0.00373189 0.000865905 0.0127024 0.0097567
internal_weight=1899.28 1273.69 1270.82 625.585 423.603 81.5037 201.982
internal_count=168059 112977 112848 55082 42935 5735 12147
cat_boundaries=0 2 4
cat_threshold=205025517 3682575 67653700 260
is_linear=0
shrinkage=0.05


Tree=148
num_leaves=8
num_cat=1
split_feature=15 2 3 3 5 3 0
split_gain=5.28019 6.18198 5.99723 5.37563 4.48646 5.81444 4.87947
threshold=0 36.500000000000007 7.5000000000000009 14.500000000000002 182500.00000000003 42.500000000000007 619.50000000000011
decision_type=9 10 8 8 2 10 10
left_child=1 -1 -3 -4 5 6 -2
right_child=4 2 3 -5 -6 -7 -8
leaf_value=-0.020023689241330932 -0.034607597938970329 0.035830442076392112 -0.015504127813251082 0.0017043397682927849 0.0047421390976272911 0.0027824662757248201 -0.010593768430337802
leaf_weight=29.117877967713866 25.207197518087924 7.6181925835553548 41.750645431282464 1574.7935486739152 58.237945847620722 53.411955838440917 99.813638966181315
leaf_count=8059 663 1010 6552 123805 7942 4235 15677
internal_value=2.28339e-05 0.00104097 0.0014853 0.00121346 -0.00672846 -0.0108663 -0.0165802
internal_weight=1889.95 1653.28 1624.16 1616.54 236.671 178.433 125.021
internal_count=167943 139426 131367 130357 28517 20575 16340
cat_boundaries=0 1
cat_threshold=20
is_linear=0
shrinkage=0.05


Tree=149
num_leaves=8
num_cat=0
split_feature=0 6 5 0 0 5 3
split_gain=7.05807 6.85363 11.1341 9.45169 5.64064 5.43574 5.82298
threshold=591.50000000000011 8.8875000000000011 79500.000000000015 645.50000000000011 621.50000000000011 40500.000000000007 22.500000000000004
decision_type=8 2 2 10 8 2 10
left_child=-1 5 3 -3 -4 6 -2
right_child=1 2 4 -5 -6 -7 -8
leaf_value=0.010132112348443955 -0.01002842793902186 -0.023834066588888404 0.0059602347169717216 0.023054465162152312 0.045079718009159608 -0.0020375026384109448 0.021146731768954062
leaf_weight=157.40712844114751 17.740838879894 22.868268568068743 16.726159675046802 12.70921114948578 21.678250884637237 1592.8681734401034 45.807294869970065
leaf_count=2452 2131 211 137 403 588 158887 2993
internal_value=0.000165058 -0.000768183 0.0136259 -0.00630738 0.0306914 -0.00145015 0.0123468
internal_weight=1887.81 1730.4 73.9819 35.5775 38.4044 1656.42 63.5481
internal_count=167802 165350 1339 614 725 164011 5124
is_linear=0
shrinkage=0.05


Tree=150
num_leaves=8
num_cat=4
split_feature=6 16 6 16 16 6 14
split_gain=5.02455 9.05069 5.83457 42.7448 10.9796 8.93981 9.96359
threshold=5.1650000000000009 0 6.1025000000000009 1 2 6.9945000000000013 3
decision_type=2 9 2 9 9 2 9
left_child=1 -1 3 -2 5 -4 -7
right_child=2 -3 4 -5 -6 6 -8
leaf_value=0.012655306792429353 0.020304745627572722 -0.023209599765886813 -0.0044059146383289656 -0.012504497005091967 -0.0042642514739590839 0.02089814916341326 0.003979900139521435
leaf_weight=17.457750647619832 218.60724029078847 37.809063897235319 198.64400856028078 160.55717644479591 786.13131876802072 111.08186267415294 361.66158782260027
leaf_count=3794 26864 8225 19619 19229 63028 5841 21410
internal_value=0.000687881 -0.0135218 0.00115101 0.00663279 -0.000292845 0.00435313 0.00813234
internal_weight=1891.95 55.2668 1836.68 379.164 1457.52 671.387 472.743
internal_count=168010 12019 155991 46093 109898 46870 27251
cat_boundaries=0 2 4 6 7
cat_threshold=347508800 36992 2245695352 1049115 1930781867 2911328 2
is_linear=0
shrinkage=0.05


Tree=151
num_leaves=8
num_cat=3
split_feature=16 14 16 2 3 2 8
split_gain=8.49585 5.60301 7.27998 9.62512 6.6623 7.90879 6.58313
threshold=0 1 2 92.500000000000014 27.500000000000004 42.500000000000007 1.5000000000000002
decision_type=9 9 9 10 10 8 8
left_child=-1 6 4 -4 5 -3 -2
right_child=1 2 3 -5 -6 -7 -8
leaf_value=-0.0069707946650833866 0.0022310274069252648 0.043465410615587868 0.00011187747788527091 0.025111873686134947 0.018412260389933648 -0.01020154540486695 -0.0078774309573321818
leaf_weight=355.7606930329348 377.18915091111558 2.9974040850647716 664.34145245887339 35.871987266931683 139.18313010979909 44.176703887816984 273.99521085427841
leaf_count=35251 19756 880 64529 1274 9297 5719 30742
internal_value=-0.000172588 0.00145344 0.00403998 0.00153976 0.0124191 -0.00295296 -0.00204987
internal_weight=1893.52 1537.76 886.571 700.213 186.357 47.1741 651.184
internal_count=167448 132197 81699 65803 15896 6599 50498
cat_boundaries=0 2 3 5
cat_threshold=678438017 1606534 4 2165047650 2107392
is_linear=0
shrinkage=0.05


Tree=152
num_leaves=8
num_cat=4
split_feature=16 3 8 16 1 16 16
split_gain=8.4916 6.33251 4.87834 8.17858 7.28999 7.08071 6.5824
threshold=0 22.500000000000004 1.5000000000000002 1 69.500000000000014 2 3
decision_type=9 10 8 9 10 9 9
left_child=1 -1 5 -4 6 -2 -5
right_child=2 -3 3 4 -6 -7 -8
leaf_value=-0.027057352781710783 -0.0016997739892713908 -0.0061539653616448902 -0.0086298921234287673 0.0086492290500608891 0.0050846737895309134 0.0071615441604451144 -0.01979058814923956
leaf_weight=38.458897271892056 466.52858910273062 253.66923135134857 325.90840405772906 23.061089263879694 328.83898091694573 416.08947473176522 48.062761737266555
leaf_count=7490 23855 23033 45168 5552 26602 25776 10561
internal_value=-0.0013971 -0.00901163 6.49133e-05 -0.00296002 0.00187634 0.00255603 -0.0120705
internal_weight=1900.62 292.128 1608.49 725.871 399.963 882.618 71.1239
internal_count=168037 30523 137514 87883 42715 49631 16113
cat_boundaries=0 2 4 6 7
cat_threshold=570556418 4096552 1482203829 3141 2241944384 29072 2157985864
is_linear=0
shrinkage=0.05


Tree=153
num_leaves=8
num_cat=5
split_feature=16 6 6 16 16 14 16
split_gain=5.51307 4.77132 5.43159 12.9831 8.01422 6.98141 7.86857
threshold=0 9.6325000000000021 6.3775000000000004 1 2 3 4
decision_type=9 2 2 9 9 9 9
left_child=-1 2 3 -2 -4 -5 -7
right_child=1 -3 4 5 -6 6 -8
leaf_value=0.0036417605419727141 -0.011042878450746764 0.018792596777868847 -0.013105623159721795 -0.0021078870997633973 -0.0021198890160269547 0.022942971723474006 0.0021926755361184932
leaf_weight=538.19446919858456 122.38707696431084 21.404111245879903 209.22946528129978 114.83065293019172 701.63754711428192 87.424929762841202 103.09631197759882
leaf_count=42991 16133 225 17027 18455 51913 11037 10351
internal_value=-0.000582131 -0.0022709 -0.00269329 0.00193914 -0.00486736 0.00735532 0.0133432
internal_weight=1898.2 1360.01 1338.61 427.739 910.867 305.352 190.521
internal_count=168132 125141 124916 55976 68940 39843 21388
cat_boundaries=0 2 4 6 7 9
cat_threshold=2922209449 3147105 1342177542 980992 25301312 33290 2 8556624 10
is_linear=0
shrinkage=0.05


Tree=154
num_leaves=8
num_cat=4
split_feature=16 12 16 1 6 3 16
split_gain=4.83646 5.59925 11.84 7.53731 6.71177 4.26905 9.51324
threshold=0 1 2 68.500000000000014 7.1050000000000013 23.500000000000004 3
decision_type=9 1 9 10 2 10 9
left_child=5 2 3 -2 -5 6 -1
right_child=1 -3 -4 4 -6 -7 -8
leaf_value=0.0061797310433889911 -0.012223779206616324 -0.0028249368119256137 -0.013981388642207777 0.0022160235360632616 0.056909869666039697 0.0046199118858620773 -0.018138588449657326
leaf_weight=82.224653192271944 5.2090522153303054 933.27132651096326 19.639235430280678 7.919927368580832 18.469626177567989 767.07316487876233 56.034079799370375
leaf_count=13390 446 76669 1687 529 654 65130 9205
internal_value=0.000519254 -0.0018963 0.0134284 0.0265993 0.043463 0.00312852 -0.00479996
internal_weight=1889.84 984.509 51.2378 31.5986 26.3896 905.332 138.259
internal_count=167710 79985 3316 1629 1183 87725 22595
cat_boundaries=0 2 3 5 7
cat_threshold=1236931289 3697600 1 369427462 32786 146276368 1075840
is_linear=0
shrinkage=0.05


Tree=155
num_leaves=8
num_cat=2
split_feature=16 2 5 6 6 16 5
split_gain=4.92716 7.37963 6.6978 7.20759 6.02312 8.56025 5.60601
threshold=0 36.500000000000007 97500.000000000015 5.8550000000000013 5.8775000000000004 1 51500.000000000007
decision_type=9 10 2 2 2 9 2
left_child=1 -1 3 -2 5 -4 -3
right_child=2 6 4 -5 -6 -7 -8
leaf_value=-0.025137158442534731 -0.016344470704584318 0.016082029420195734 0.023088075710622422 0.0044500260213092488 -0.0096331873761155238 -0.004760357993835387 0.0020690400253710844
leaf_weight=18.59853419708088 42.063653075543698 72.694347029493656 23.575716827705037 362.60193373530637 367.03539431368699 86.212521584995557 912.5023005544208
leaf_count=5733 6153 4315 3009 22820 30902 12431 82204
internal_value=0.000130236 0.0025075 -0.00257499 0.0021154 -0.00658966 0.00356161 0.003179
internal_weight=1885.28 1003.8 881.489 404.666 476.824 109.788 985.197
internal_count=167567 92252 75315 28973 46342 15440 86519
cat_boundaries=0 2 4
cat_threshold=477918751 1323081 2155872576 2308
is_linear=0
shrinkage=0.05


Tree=156
num_leaves=8
num_cat=3
split_feature=16 0 12 3 16 1 3
split_gain=4.8929 7.00362 8.24237 5.92006 6.74998 5.77604 4.9352
threshold=0 627.50000000000011 1 21.500000000000004 2 67.500000000000014 7.5000000000000009
decision_type=9 8 1 8 9 10 8
left_child=1 3 -3 -1 -5 -4 -2
right_child=6 2 5 4 -6 -7 -8
leaf_value=-0.023207266638703483 0.03153853349951128 0.019673672869902452 -0.026586912456946978 0.016576530002569308 -0.0074471615633456487 -0.0077534541942176939 0.00089909332174775865
leaf_weight=11.444430859293787 8.2683780196239223 18.583682594064157 47.093633724492975 69.216571194119751 36.998803270980716 226.24960348731838 1468.8414064787212
leaf_count=255 1304 1423 11781 975 842 20791 129956
internal_value=-0.000181469 -0.00491506 -0.00914034 0.00511288 0.00907046 -0.0114175 0.00116854
internal_weight=1886.7 409.587 291.927 117.66 106.215 273.343 1477.11
internal_count=167327 36067 33995 2072 1817 32572 131260
cat_boundaries=0 2 3 5
cat_threshold=2416253317 1740323 1 2415988737 658944
is_linear=0
shrinkage=0.05


Tree=157
num_leaves=8
num_cat=3
split_feature=16 2 16 14 2 2 3
split_gain=4.99084 5.89661 6.52803 5.28305 6.24027 4.44182 4.05778
threshold=0 58.500000000000007 1 2 53.500000000000007 36.500000000000007 27.500000000000004
decision_type=9 10 9 9 10 10 10
left_child=6 2 3 -2 5 -5 -1
right_child=1 -3 -4 4 -6 -7 -8
leaf_value=-0.0028959044933265198 -0.015268856873358336 5.4334056311465695e-05 -0.019599241413953934 -0.006400831435788343 -0.015298414105128062 0.036394116753319411 0.0064817118112875582
leaf_weight=146.42518028838094 19.170034281851258 1124.8188862657407 68.264843052456854 6.3758518405957174 9.1383682733285223 18.540447293198667 498.67159001046093
leaf_count=18233 6625 89128 15147 1943 1732 4046 31099
internal_value=0.000766807 -0.00108773 -0.0113318 0.00291061 0.0145341 0.0262037 0.0042814
internal_weight=1891.41 1246.31 121.49 53.2247 34.0547 24.9163 645.097
internal_count=167953 118621 29493 14346 7721 5989 49332
cat_boundaries=0 2 4 5
cat_threshold=19481505 1321988 2819008604 2232323 2
is_linear=0
shrinkage=0.05


Tree=158
num_leaves=8
num_cat=4
split_feature=5 16 0 16 2 16 16
split_gain=5.33939 19.4122 7.01127 16.0173 8.64358 21.0501 10.887
threshold=51500.000000000007 0 602.50000000000011 1 72.500000000000014 2 3
decision_type=2 9 10 9 10 9 9
left_child=1 -1 3 -2 5 -4 -6
right_child=2 -3 4 -5 6 -7 -8
leaf_value=0.025302588571629016 0.017868465948474046 -0.0062236635955145508 0.014147624429387058 -0.0077714713860959133 0.0063451370720365857 -0.014816556285712656 -0.0033144673869202864
leaf_weight=77.381630676682107 138.28225636994466 97.21011191123398 70.394023859407753 92.409774382598698 493.08143587148516 251.57157036711578 670.8660312408465
leaf_count=4995 2625 6997 11713 1717 33230 54514 52140
internal_value=0.000924133 0.00912701 6.5754e-05 0.00807913 -0.00120127 -0.00838483 0.000813181
internal_weight=1891.2 174.592 1716.61 230.692 1485.91 321.966 1163.95
internal_count=167931 11992 155939 4342 151597 66227 85370
cat_boundaries=0 2 4 6 8
cat_threshold=1346151480 1213748 500368464 799887 1177027168 137220 2220725735 1851848
is_linear=0
shrinkage=0.05


Tree=159
num_leaves=8
num_cat=1
split_feature=14 6 6 6 5 2 0
split_gain=6.55469 10.9529 8.38006 7.82007 9.32921 6.89284 9.34043
threshold=0 7.4945000000000013 6.3775000000000004 8.0150000000000023 132500.00000000003 94.500000000000014 631.50000000000011
decision_type=9 2 2 2 2 10 10
left_child=2 5 -1 4 -3 -2 -7
right_child=1 3 -4 -5 -6 6 -8
leaf_value=0.0059553392833033864 -0.0020080217377065278 0.026088496370781936 -0.0063816406230385973 0.0029810604370812907 -0.0028254127518906984 -0.017037853776790998 0.036437980605196318
leaf_weight=171.56961550557753 747.69248312345007 102.03810338297626 628.83186219658819 184.71472000714857 36.500196658889763 8.3870293926447648 20.95972335326951
leaf_count=17471 88532 5687 45914 6378 2778 120 1047
internal_value=-0.000286607 0.00221405 -0.0037166 0.00987275 0.0186376 -0.00101477 0.0208996
internal_weight=1900.69 1100.29 800.401 323.253 138.538 777.039 29.3468
internal_count=167927 104542 63385 14843 8465 89699 1167
cat_boundaries=0 1
cat_threshold=4
is_linear=0
shrinkage=0.05


Tree=160
num_leaves=8
num_cat=1
split_feature=5 14 2 0 5 2 2
split_gain=4.69465 5.43296 4.18856 7.5058 7.50577 7.4807 6.69838
threshold=314500.00000000006 0 93.500000000000014 742.50000000000011 89500.000000000015 88.500000000000014 62.500000000000007
decision_type=2 9 10 8 2 8 10
left_child=2 -2 4 -4 5 6 -1
right_child=1 -3 3 -5 -6 -7 -8
leaf_value=-0.0042569837129066033 -0.0142810933906913 0.035257308382612478 0.0028081878263759453 0.029192481005430666 -0.003723199529175459 -0.0090938989698498007 0.0095146033038668136
leaf_weight=113.92305107050925 4.6152577484608628 14.083956046612004 355.50505539111327 24.329170031880494 936.02614304912277 92.468191675608978 353.20453338552034
leaf_count=19535 679 1634 11229 3621 106197 3096 22040
internal_value=0.000482328 0.0225971 0.000202336 0.00485549 -0.000991638 0.00356991 0.00614648
internal_weight=1894.16 18.6992 1875.46 379.834 1495.62 559.596 467.128
internal_count=168031 2313 165718 14850 150868 44671 41575
cat_boundaries=0 1
cat_threshold=2
is_linear=0
shrinkage=0.05


Tree=161
num_leaves=8
num_cat=4
split_feature=16 14 16 6 16 0 0
split_gain=5.48971 5.6971 8.13451 6.37233 8.06042 7.29761 6.0029
threshold=0 1 2 8.1275000000000031 3 709.50000000000011 696.50000000000011
decision_type=9 9 9 2 9 8 8
left_child=-1 2 -2 6 -5 -6 -3
right_child=1 3 -4 4 5 -7 -8
leaf_value=0.0030803876503173486 -0.007662332834948416 -0.0039640111677899338 0.0085656864050055025 -0.011344039609432078 0.0042986291964439288 0.033286082242502978 -0.015201427370490801
leaf_weight=803.07213779882295 103.68095076584723 428.83540301723406 213.90085166302742 52.179213656869251 106.51126967603341 22.940648556861561 162.51455126333167
leaf_count=65887 8657 18148 19458 2093 2781 3193 47370
internal_value=-2.50668e-05 -0.00232241 0.00325908 -0.00465165 0.00346832 0.00975674 -0.00715383
internal_weight=1893.64 1090.56 317.582 772.981 181.631 129.452 591.35
internal_count=167587 101700 28115 73585 8067 5974 65518
cat_boundaries=0 2 3 5 7
cat_threshold=1300124864 1851073 1 570501902 49408 2424373540 2228480
is_linear=0
shrinkage=0.05


Tree=162
num_leaves=8
num_cat=3
split_feature=16 6 3 16 6 4 16
split_gain=7.32529 5.81692 5.02717 6.34782 3.98087 2.86922 11.492
threshold=0 5.2495000000000003 56.500000000000007 1 9.5500000000000025 29.500000000000004 2
decision_type=9 2 10 9 2 8 9
left_child=2 -2 5 -4 -3 -1 -7
right_child=1 4 3 -5 -6 6 -8
leaf_value=-0.0064023455426246816 -0.016091135043269932 0.0027824330113888282 -0.01158339903359451 0.029477685424164096 0.021758574583378796 -0.017370804419335025 0.013214012009117163
leaf_weight=500.44000071840128 35.324569325021002 1214.9477790877863 8.7757877717958745 9.1940709461923706 23.429219211917371 33.390213027480058 70.20949077559635
leaf_count=51725 7837 103687 641 616 244 1154 2136
internal_value=0.000447883 0.00261048 -0.00394474 0.0190589 0.0032275 -0.00484471 0.00262784
internal_weight=1895.71 1273.7 622.01 17.9699 1238.38 604.04 103.6
internal_count=168040 111768 56272 1257 103931 55015 3290
cat_boundaries=0 2 4 6
cat_threshold=3227294028 2022562 4172 578720 4722952 657536
is_linear=0
shrinkage=0.05


Tree=163
num_leaves=8
num_cat=3
split_feature=4 16 3 14 0 6 16
split_gain=6.26259 4.36664 6.33078 5.28471 8.04072 7.02905 9.60883
threshold=36.500000000000007 0 56.500000000000007 1 767.50000000000011 6.0050000000000008 2
decision_type=8 9 10 9 10 2 9
left_child=1 2 3 5 -5 -1 -7
right_child=-2 -3 -4 4 -6 6 -8
leaf_value=0.021358624607976724 0.042353333263701116 -0.0023460591044973038 0.022789827770714002 0.00066003476406422811 -0.023637837878033013 0.01243455732947212 -0.0086849285684360879
leaf_weight=64.869269705464831 3.8389903127681455 896.41352165435092 31.872848196537234 684.37539741734508 30.820354319323087 98.834954953112174 88.514466217719018
leaf_count=7188 169 85148 1876 45898 14985 6671 5850
internal_value=0.000364149 0.000167925 0.00242279 0.00166295 -0.000543885 0.00780963 0.00268507
internal_weight=1899.54 1895.7 999.287 967.414 715.196 252.219 187.349
internal_count=167785 167616 82468 80592 60883 19709 12521
cat_boundaries=0 2 3 5
cat_threshold=4003365450 2400854 1 3397943298 2367554
is_linear=0
shrinkage=0.05


Tree=164
num_leaves=8
num_cat=3
split_feature=6 16 16 5 6 16 4
split_gain=5.62137 19.6132 6.57878 9.02055 7.41091 12.4701 9.5127
threshold=8.8875000000000011 0 1 96500.000000000015 6.3775000000000004 2 29.500000000000004
decision_type=2 9 9 2 2 9 10
left_child=2 -2 3 -1 5 -4 -7
right_child=1 -3 4 -5 -6 6 -8
leaf_value=0.0017386146828898945 -0.015163528805454235 0.025828058197445165 0.022549677802409615 -0.010775125384083623 -0.0017431012122507918 -0.0013574462522455283 0.024582770724750368
leaf_weight=248.57939534969046 37.29258072655648 58.962795114377514 78.611565089202486 333.39816721170791 807.16112265500124 296.54843023157446 35.062114887638018
leaf_count=19301 575 934 7156 36392 61694 40494 1274
internal_value=-0.000430017 0.0110352 -0.00107222 -0.00536939 0.00103112 0.00646982 0.00166037
internal_weight=1895.62 96.2554 1799.36 581.978 1217.38 410.222 331.611
internal_count=167820 1509 166311 55693 110618 48924 41768
cat_boundaries=0 2 4 6
cat_threshold=8823816 4252 2075207873 1345088 2215247872 9
is_linear=0
shrinkage=0.05


Tree=165
num_leaves=8
num_cat=3
split_feature=16 5 6 5 16 6 16
split_gain=5.23771 8.43973 13.3897 8.09001 9.21004 8.73947 8.41776
threshold=0 192500.00000000003 6.5050000000000008 109500.00000000001 1 6.8525000000000009 2
decision_type=9 2 2 2 9 2 9
left_child=-1 3 -3 4 5 -2 -5
right_child=1 2 -4 6 -6 -7 -8
leaf_value=0.0029054546765764386 -0.0066501216870876291 0.020115439553677041 -0.0060122469892158878 0.0026924768247717831 -0.0076032912872880916 0.01176101826710868 -0.014220001219424764
leaf_weight=826.96397330687614 92.126433114754036 92.982473972399021 94.620995462231804 99.572219047113322 224.55525472114095 190.9338928933721 270.6485990016663
leaf_count=67709 11214 13436 10076 8526 16224 11192 29546
internal_value=-5.16846e-05 -0.00235492 0.00712352 -0.00443612 -0.000317838 0.00556424 -0.0100033
internal_weight=1892.4 1065.44 187.603 877.836 507.616 283.06 370.221
internal_count=167923 100214 23512 76702 38630 22406 38072
cat_boundaries=0 2 4 6
cat_threshold=1481429703 3959522 52559928 37905 2719032576 131332
is_linear=0
shrinkage=0.05


Tree=166
num_leaves=8
num_cat=2
split_feature=16 7 3 5 16 2 3
split_gain=5.05314 5.20251 8.0562 4.23313 10.7764 7.06393 6.14836
threshold=0 1.5000000000000002 37.500000000000007 151500.00000000003 1 76.500000000000014 15.500000000000002
decision_type=9 10 10 2 9 10 10
left_child=-1 3 -3 -2 5 -5 -7
right_child=1 2 -4 4 -6 6 -8
leaf_value=-0.0038290432931648191 -0.00038003051342862812 0.037352103117038758 -0.0058817902028069366 -0.00075475360743588148 -0.00094556077691909505 -0.021470200723905153 0.026614309462389293
leaf_weight=514.01028963239514 969.18784773148946 20.056594220804982 16.821602732990868 39.461398104322143 239.2807758950803 3.4933641405659719 96.041165972303133
leaf_count=50297 73932 1616 1222 5094 29949 366 5601
internal_value=0.00033863 0.00190814 0.0192837 0.00137717 0.00582553 0.0160604 0.0239805
internal_weight=1898.35 1384.34 36.8782 1347.46 378.277 138.996 99.5345
internal_count=168077 117780 2838 114942 41010 11061 5967
cat_boundaries=0 2 4
cat_threshold=2378570016 4100355 526026 18476
is_linear=0
shrinkage=0.05


Tree=167
num_leaves=8
num_cat=3
split_feature=16 5 1 6 12 16 0
split_gain=6.06824 9.14952 9.10334 7.00807 5.55633 5.58921 7.17918
threshold=0 188500.00000000003 82.500000000000014 5.2495000000000003 1 2 668.50000000000011
decision_type=9 2 8 2 1 9 10
left_child=1 -1 -3 -2 5 6 -5
right_child=3 2 -4 4 -6 -7 -8
leaf_value=-0.011709015764973012 -0.018565106936681963 -0.004935427851703182 0.038494683651955644 -0.017820177741395039 0.0012789817973861259 -0.022849332165461023 0.048286410335173717
leaf_weight=236.49029876221903 43.170105939934729 28.596030043292558 14.725365501886698 3.8725404497236013 1539.5361587342923 28.809963462175801 4.1179260578355752
leaf_count=19169 10140 4476 614 119 128826 3861 827
internal_value=-0.000982934 -0.00757807 0.0122826 0.000221647 0.000794623 -0.0171976 0.012273
internal_weight=1899.32 279.812 43.3214 1619.51 1576.34 36.8004 7.99047
internal_count=168032 24259 5090 143773 133633 4807 946
cat_boundaries=0 2 3 5
cat_threshold=203686976 170018 4 2189426722 1056896
is_linear=0
shrinkage=0.05


Tree=168
num_leaves=8
num_cat=4
split_feature=16 14 16 6 6 3 16
split_gain=5.77401 6.69001 10.7041 6.94467 6.5847 9.97737 7.77832
threshold=0 1 2 9.8450000000000006 7.2475000000000014 53.500000000000007 3
decision_type=9 9 9 2 2 10 9
left_child=4 2 -2 -3 5 6 -1
right_child=1 3 -4 -5 -6 -7 -8
leaf_value=-0.014459874226682733 0.01099421737181498 -0.0048500305873496524 -0.0070433417518637742 0.028959921349624454 0.0090597624361078034 0.029193428921661935 0.0016448532231125108
leaf_weight=89.011138347850647 194.6977151442552 877.23089709354099 123.62364722474013 10.536955930292605 308.07097467168933 20.93949779891409 263.71986335935071
leaf_count=8839 17974 80564 10762 105 17214 1526 31044
internal_value=2.55002e-05 -0.0020472 0.00411074 -0.00428879 0.00365713 -0.000761274 -0.00292268
internal_weight=1887.83 1206.09 318.321 887.768 681.741 373.67 352.731
internal_count=168028 109405 28736 80669 58623 41409 39883
cat_boundaries=0 2 3 5 7
cat_threshold=1114910790 3953845 1 2626322736 139784 1077936130 1328160
is_linear=0
shrinkage=0.05


Tree=169
num_leaves=8
num_cat=4
split_feature=16 2 14 2 16 0 14
split_gain=6.20921 6.37464 6.29806 10.4658 8.0079 5.84496 4.98143
threshold=0 24.500000000000004 1 88.500000000000014 2 701.50000000000011 3
decision_type=9 8 9 8 9 10 9
left_child=1 -1 3 4 5 -3 -2
right_child=6 2 -4 -5 -6 -7 -8
leaf_value=0.040454462544263263 0.0076180584811738339 -0.026375140424359862 -0.0066630807898591564 -0.026565706221588811 0.010053634775277669 0.014963688146723261 0.00023813280614885389
leaf_weight=3.2652459093369535 322.60789370661951 26.46759768598713 562.73113605481922 22.21486941690091 191.58548673131736 8.0433212353382242 758.20071450059186
leaf_count=961 33068 1275 53127 803 16107 2185 60323
internal_value=-2.72754e-05 -0.00329107 -0.0037543 0.00283906 0.00624046 -0.0128211 0.00244338
internal_weight=1895.12 814.308 811.042 248.311 226.096 34.5109 1080.81
internal_count=167849 74458 73497 20370 19567 3460 93391
cat_boundaries=0 2 3 5 6
cat_threshold=1877125281 2523804 1 543301792 512 2
is_linear=0
shrinkage=0.05


Tree=170
num_leaves=8
num_cat=3
split_feature=15 16 5 6 6 3 16
split_gain=4.65389 12.5404 6.74988 6.84799 6.51389 6.50942 5.41577
threshold=0 1 194500.00000000003 6.6865000000000006 5.7495000000000003 45.500000000000007 2
decision_type=9 9 2 2 2 8 9
left_child=6 -2 -3 4 -4 -6 -1
right_child=1 2 3 -5 5 -7 -8
leaf_value=-0.0026201843943560559 0.0093458070566084708 -0.028444043221496296 -0.016919888984020179 -0.021319750576033414 0.059523601551332676 -0.011325814069062461 0.0031341860033119308
leaf_weight=628.72449135110946 56.290672881179489 64.51150596793741 3.9727774719358449 11.735954820091136 5.9000126116443399 2.6486047077924022 1112.1050816149218
leaf_count=48438 5440 8758 924 1561 1072 250 101470
internal_value=0.000311238 -0.0078556 -0.0185377 0.00183053 0.0234207 0.0414936 0.00105129
internal_weight=1885.89 145.06 88.7689 24.2573 12.5214 8.54862 1740.83
internal_count=167913 18005 12565 3807 2246 1322 149908
cat_boundaries=0 1 3 5
cat_threshold=21 1091048450 274598 1728527589 143778
is_linear=0
shrinkage=0.05


Tree=171
num_leaves=8
num_cat=3
split_feature=16 2 16 5 5 16 1
split_gain=5.19876 4.08212 5.94845 4.05076 3.71702 14.4896 5.41844
threshold=0 63.500000000000007 1 32500.000000000004 250500.00000000003 2 77.500000000000014
decision_type=9 10 9 2 2 9 10
left_child=-1 2 -2 -4 -3 6 -6
right_child=1 4 3 -5 5 -7 -8
leaf_value=0.0040484793861096024 0.0073488392879698817 -0.0011452066332562794 0.015196234356244787 -0.016660395663448135 0.0060344423466553625 -0.01131155040298016 0.056418642034211479
leaf_weight=593.54165542591363 38.272722167836037 1076.8240765685914 7.0228406690293914 118.80403149261838 9.0321425731526706 31.482307486061472 15.276398911140857
leaf_count=51444 5985 73782 846 29468 1034 4089 1065
internal_value=0.000231727 -0.00154339 -0.00880209 -0.0133492 -0.00047121 0.0115619 0.0312564
internal_weight=1890.26 1296.71 164.1 125.827 1132.61 55.7908 24.3085
internal_count=167713 116269 36299 30314 79970 6188 2099
cat_boundaries=0 2 4 6
cat_threshold=321396749 1058921 2286031426 4100 2224047714 1156
is_linear=0
shrinkage=0.05


Tree=172
num_leaves=8
num_cat=3
split_feature=16 12 16 4 2 2 4
split_gain=8.49228 4.06747 7.95565 6.9561 7.01343 3.59634 3.43195
threshold=0 1 2 21.000000000000004 65.500000000000014 97.500000000000014 31.000000000000004
decision_type=9 1 9 10 10 10 10
left_child=5 2 3 4 -2 6 -1
right_child=1 -3 -4 -5 -6 -7 -8
leaf_value=0.0022091572665030924 -0.010324153649114645 -0.0054238818426925019 -0.013439846461759487 -0.010169160928425403 0.053806709532129932 0.028227120189849388 -0.022349129060049197
leaf_weight=1063.078829713515 3.6063599713088541 765.17137250702945 15.756878026877528 6.5381562591064712 15.025849045545327 8.155869765323585 9.4483722120057774
leaf_count=86568 344 76795 2164 182 750 494 339
internal_value=-0.000693183 -0.00452972 0.00997165 0.0216911 0.0418358 0.00219771 0.00189011
internal_weight=1886.78 806.099 40.9272 25.1704 18.6322 1080.68 1072.53
internal_count=167636 80235 3440 1276 1094 87401 86907
cat_boundaries=0 2 3 5
cat_threshold=2637055596 1584845 1 9502850 49202
is_linear=0
shrinkage=0.05


Tree=173
num_leaves=8
num_cat=2
split_feature=16 6 0 0 5 5 16
split_gain=7.10211 9.95205 6.26459 5.69745 5.38515 4.64902 6.98486
threshold=0 8.8875000000000011 602.50000000000011 785.50000000000011 314500.00000000006 95500.000000000015 1
decision_type=9 2 8 8 2 2 9
left_child=3 4 -3 5 -2 6 -1
right_child=1 2 -4 -5 -6 -7 -8
leaf_value=0.0075381687338776059 0.0016597260639101493 -0.0027764869071386644 0.037737858506234484 -0.023274935545281678 0.031850193769972911 -0.0049421140507595841 -0.004543946550477909
leaf_weight=234.49008449041867 787.32158855168382 12.507027693092821 28.011813687626272 27.456788857176434 10.079531316878272 573.51579640008276 216.78617699595634
leaf_count=13913 81889 91 569 8377 1409 48259 13357
internal_value=0.000108414 0.00350855 0.0263009 -0.00261143 0.00223744 -0.00197284 0.00181354
internal_weight=1890.17 837.92 40.5188 1052.25 797.401 1024.79 451.276
internal_count=167864 83958 660 83906 83298 75529 27270
cat_boundaries=0 2 4
cat_threshold=2827336748 179356 8421416 171024
is_linear=0
shrinkage=0.05


Tree=174
num_leaves=8
num_cat=5
split_feature=2 16 16 6 16 16 14
split_gain=7.26578 15.2505 12.0005 6.80974 9.95204 7.23749 5.75476
threshold=94.500000000000014 0 1 6.9945000000000013 2 3 4
decision_type=10 9 9 2 9 9 9
left_child=2 -2 3 4 6 -5 -1
right_child=1 -3 -4 5 -6 -7 -8
leaf_value=-0.01839148297531349 0.015506780971712915 -0.0043873846922244152 0.0017005767596999237 0.0051628463196548742 -0.020608860479837784 -0.010790031646684049 0.0079315719475673979
leaf_weight=23.959804587764665 190.44780942116631 175.0238582638558 1013.1761536739359 146.92803174938308 153.63115793006727 112.95804961555405 68.381870846089441
leaf_count=2879 7613 6626 103555 10175 21926 7694 7176
internal_value=6.88438e-05 0.006349 -0.001458 -0.00762306 -0.0136504 -0.00205621 0.000460397
internal_weight=1884.51 365.472 1519.04 505.859 245.973 259.886 92.3417
internal_count=167644 14239 153405 49850 31981 17869 10055
cat_boundaries=0 2 4 6 8 9
cat_threshold=3005539001 283978 3003282121 808198 2147615296 16388 318771209 787714 4
is_linear=0
shrinkage=0.05


Tree=175
num_leaves=8
num_cat=2
split_feature=16 3 0 5 5 16 5
split_gain=4.30448 7.20467 4.54104 4.92054 4.24228 9.85319 5.35549
threshold=0 23.500000000000004 793.50000000000011 272500.00000000006 51500.000000000007 1 186500.00000000003
decision_type=9 8 10 2 2 9 2
left_child=1 2 3 -1 5 -2 -6
right_child=4 -3 -4 -5 6 -7 -8
leaf_value=-0.014888598832172688 -0.0083425808539309022 0.0055271468350171918 0.031019071547483804 0.030512141263986887 -0.0042204300211339902 0.018336779671262227 0.0043177866287131012
leaf_weight=81.852601115591824 51.765970585460309 573.20266889536288 1.7850694015505713 1.8068343313643698 891.49046627792995 64.050301376613788 226.63727169003687
leaf_count=11803 3641 41252 1152 383 78497 4471 26952
internal_value=0.000226586 0.00344521 -0.00967395 -0.0122426 -0.00151399 0.00738748 -0.00247827
internal_weight=1892.59 658.647 85.4445 83.6594 1233.94 115.816 1118.13
internal_count=168151 54590 13338 12186 113561 8112 105449
cat_boundaries=0 2 4
cat_threshold=3309916201 3951843 570558278 12808
is_linear=0
shrinkage=0.05


Tree=176
num_leaves=8
num_cat=4
split_feature=14 16 6 16 16 8 0
split_gain=5.774 14.8423 12.1398 12.6905 11.6766 11.5126 11.2922
threshold=0 1 6.3775000000000004 2 3 1.5000000000000002 707.50000000000011
decision_type=9 9 2 9 9 8 10
left_child=1 2 3 -1 -2 -3 -5
right_child=4 5 -4 6 -6 -7 -8
leaf_value=-0.012352577629751775 0.0087832551081564719 0.011538200298002546 -0.013876124433928128 0.007459556234887932 -0.0015265747567503743 -0.0056802651484283715 0.057489322771123702
leaf_weight=41.255814841424581 472.91984171496006 229.76945645193337 316.11280173854902 36.524382179602981 624.21938935434446 161.48613469247357 12.618727216846308
leaf_count=4227 41974 12731 22273 1379 62610 19625 3156
internal_value=0.000655178 -0.00257227 -0.00908175 0.00658014 0.00300299 0.00433996 0.0206202
internal_weight=1894.91 797.767 406.512 90.3989 1097.14 391.256 49.1431
internal_count=167975 63391 31035 8762 104584 32356 4535
cat_boundaries=0 1 3 5 7
cat_threshold=4 2442003812 2762937 285474848 2238624 2446197612 2369697
is_linear=0
shrinkage=0.05


Tree=177
num_leaves=8
num_cat=5
split_feature=16 14 16 5 12 16 5
split_gain=7.70955 4.69783 6.72641 7.72128 5.16187 4.76994 5.89335
threshold=0 1 2 58500.000000000007 3 4 30500.000000000004
decision_type=9 9 9 2 1 9 2
left_child=1 2 3 -1 -5 -3 -7
right_child=-2 5 -4 4 -6 6 -8
leaf_value=0.036595033594264408 -0.0039697457985037278 0.0096865369132194123 -0.0053185831800746063 0.0067399059509535625 -0.023745324670885831 0.042488835974819346 -0.001246054209900573
leaf_weight=15.324937255238181 919.8014217967575 287.5087734356639 312.27161001437344 106.16108699905453 10.930196903005706 2.9544840222806661 238.46080267775687
leaf_count=786 79503 23926 22847 9646 1391 199 29536
internal_value=-0.000722673 0.00236594 -0.00139181 0.00756185 0.00303828 0.00555299 0.000134982
internal_weight=1893.41 973.612 444.688 132.416 117.091 528.924 241.415
internal_count=167834 88331 34670 11823 11037 53661 29735
cat_boundaries=0 2 3 5 6 8
cat_threshold=625906353 3683463 4 604246161 1049607 2 71959072 2633857
is_linear=0
shrinkage=0.05


Tree=178
num_leaves=8
num_cat=4
split_feature=16 6 16 13 6 16 0
split_gain=7.76018 5.94176 6.87965 5.90565 9.8415 15.8147 10.596
threshold=0 5.6050000000000013 1 2 5.8775000000000004 3 687.50000000000011
decision_type=9 2 9 9 2 9 8
left_child=-1 2 -2 -3 5 6 -5
right_child=1 3 -4 4 -6 -7 -8
leaf_value=-0.0053518261592777512 0.013378880608946318 0.0054361346236885544 -0.013235170386539217 0.059935618162298969 -0.0041886985003886474 -0.013994141624138099 0.00292627446796552
leaf_weight=481.13139564514859 19.3233243386494 819.06035755175981 99.86785978579428 20.126008323626593 422.69369698531227 21.732630311162211 12.85723120626062
leaf_count=48810 2891 50430 17403 988 41174 2962 3595
internal_value=3.70407e-05 0.00190517 -0.00854399 0.00290959 -0.00151769 0.0174854 0.0324738
internal_weight=1896.79 1415.66 119.191 1296.47 477.41 54.7159 32.9832
internal_count=168253 119443 20294 99149 48719 7545 4583
cat_boundaries=0 2 4 5 7
cat_threshold=188623113 33577 2218823680 1198084 8 2222999152 2107538
is_linear=0
shrinkage=0.05


Tree=179
num_leaves=8
num_cat=4
split_feature=16 12 16 5 16 6 6
split_gain=4.99912 6.13139 7.08066 6.82617 8.02692 10.7189 5.77321
threshold=0 1 2 190500.00000000003 3 6.5050000000000008 6.9945000000000013
decision_type=9 1 9 2 9 2 2
left_child=1 2 -1 -3 5 -5 -7
right_child=-2 3 -4 4 -6 6 -8
leaf_value=0.020777595980800971 0.0017952372480036843 -0.0069223804152948867 -0.012972269592904288 0.024476446939904101 -0.015369546623215652 -0.026388225484477904 0.0050856135859635321
leaf_weight=36.021011961362092 1082.7636300484592 603.59883156212163 12.930237331980605 62.843213008454768 26.733907687215833 15.23170243547065 47.978188272274565
leaf_count=1549 92818 52700 1921 8824 3492 2270 4386
internal_value=-0.000417175 -0.00336508 0.0129334 -0.00454208 0.00478289 0.00989775 -0.00387703
internal_weight=1888.1 805.337 48.9512 756.386 152.787 126.053 63.2099
internal_count=167960 75142 3470 71672 18972 15480 6656
cat_boundaries=0 2 3 5 7
cat_threshold=1713970394 2279961 1 103351426 32785 69731354 2073
is_linear=0
shrinkage=0.05


Tree=180
num_leaves=8
num_cat=2
split_feature=16 0 5 16 0 6 2
split_gain=5.97425 5.40187 7.86175 8.98906 8.37194 4.59179 3.95453
threshold=0 770.50000000000011 79500.000000000015 1 784.50000000000011 8.4990000000000006 34.500000000000007
decision_type=9 10 2 9 10 2 10
left_child=-1 6 3 4 -3 -4 -2
right_child=1 2 5 -5 -6 -7 -8
leaf_value=-0.0069199674883635562 -0.019787690033055829 -0.0067284464864020323 -0.030557840257450748 -0.015273230421619852 0.079492730856473834 0.017572562124156057 0.0013285550206682138
leaf_weight=319.84170200623339 17.515575551748043 3.0658501884317957 35.902532359032193 10.851543438329829 3.8737314489553683 2.3794468755368134 1499.0443053918425
leaf_count=29447 3894 1201 21112 4737 1604 419 105678
internal_value=-0.000858165 0.00043382 -0.0141458 0.0112452 0.0296782 -0.0258818 0.00102045
internal_weight=1892.47 1572.63 56.0731 17.7911 6.93958 38.282 1516.56
internal_count=168092 138645 29073 7542 2805 21531 109572
cat_boundaries=0 2 4
cat_threshold=2418147368 262498 253249040 1054852
is_linear=0
shrinkage=0.05


Tree=181
num_leaves=8
num_cat=3
split_feature=6 16 16 6 16 5 6
split_gain=5.37648 19.2279 6.06136 6.55248 11.0246 7.92654 7.09856
threshold=5.6050000000000013 0 1 6.3775000000000004 2 120500.00000000001 6.8025000000000011
decision_type=2 9 9 2 9 2 2
left_child=1 -1 -2 4 5 -4 -5
right_child=2 -3 3 6 -6 -7 -8
leaf_value=0.017190499660797158 0.0050977244414348215 -0.017639458991172623 0.0013139486772649103 -0.014569977361765955 -0.0030572000700908931 0.027615588770524557 -0.0013715062489498111
leaf_weight=43.561680184851866 624.24157843051944 119.65420167372213 47.282692401553504 114.42946697789012 166.96547822511639 69.763589931477327 702.65804530491005
leaf_count=7165 47193 21693 4472 13177 19342 6244 48717
internal_value=0.000399537 -0.00813551 0.00122812 -0.00101569 0.00545664 0.016156 -0.00329727
internal_weight=1888.56 163.216 1725.34 1101.1 284.012 117.046 817.088
internal_count=168003 28858 139145 91952 30058 10716 61894
cat_boundaries=0 2 4 6
cat_threshold=82350080 1231372 2120442318 792944 2173174272 521
is_linear=0
shrinkage=0.05


Tree=182
num_leaves=8
num_cat=2
split_feature=14 5 0 6 14 0 5
split_gain=6.4802 6.95049 6.30648 5.9996 5.64993 6.20603 6.01064
threshold=0 314500.00000000006 562.50000000000011 7.3725000000000014 1 578.50000000000011 72500.000000000015
decision_type=9 2 8 2 9 8 2
left_child=1 -1 -2 -4 5 -5 -6
right_child=2 -3 3 4 6 -7 -8
leaf_value=-0.0040820353741140743 0.020375125374591928 0.031796747577648873 -0.00096227875695752054 -0.022727970584151793 -0.010502216246020086 0.015650494223737803 0.0081038115120031715
leaf_weight=778.52634865586879 41.998684654012322 8.7834564701770415 714.85869869196904 6.9320301301777354 67.887393602693919 160.71197464637225 102.34633390186355
leaf_count=62442 607 895 87399 88 2967 8197 5484
internal_value=-3.62975e-05 -0.00348363 0.00244751 0.00163936 0.0070775 0.0134513 0.000595977
internal_weight=1882.04 787.31 1094.74 1052.74 337.878 167.644 170.234
internal_count=168079 63337 104742 104135 16736 8285 8451
cat_boundaries=0 1 2
cat_threshold=4 2
is_linear=0
shrinkage=0.05


Tree=183
num_leaves=8
num_cat=3
split_feature=16 3 2 16 5 16 1
split_gain=6.58573 8.4203 5.90544 5.93248 5.56594 5.10154 4.57253
threshold=0 53.500000000000007 94.500000000000014 1 205500.00000000003 2 46.500000000000007
decision_type=9 10 10 9 2 9 8
left_child=1 6 -2 -4 -5 -3 -1
right_child=2 5 3 4 -6 -7 -8
leaf_value=0.011518535308906815 -0.00048205425688700986 -0.0037915378142110386 -0.004040475321344 0.019959759840955115 -0.0099117567282106626 0.024916555556272257 -0.0063944028329021314
leaf_weight=32.716818246699404 785.12708819031832 26.396405750943813 56.848981792107224 106.62559591326863 15.024250161659436 23.34009784105001 850.25831009855028
leaf_count=7837 85524 1441 2225 4185 776 1428 64577
internal_value=-0.00151352 -0.00446979 0.00138802 0.00947821 0.0148522 0.0145853 -0.00566955
internal_weight=1896.34 932.712 963.626 178.499 121.65 49.7365 882.975
internal_count=167993 75283 92710 7186 4961 2869 72414
cat_boundaries=0 2 4 6
cat_threshold=3558116714 145621 13176836 3179048 2415920226 12420
is_linear=0
shrinkage=0.05


Tree=184
num_leaves=8
num_cat=3
split_feature=5 16 0 5 16 1 16
split_gain=4.64556 14.1551 10.6668 12.9962 8.74094 8.18806 8.94254
threshold=97500.000000000015 0 709.50000000000011 81500.000000000015 1 69.500000000000014 2
decision_type=2 9 10 2 9 10 9
left_child=1 2 -1 5 -2 6 -4
right_child=4 -3 3 -5 -6 -7 -8
leaf_value=0.006398006691426289 0.0049357311663068993 -0.0031023722337033999 0.03024373784357778 -0.0065825315275485899 -0.0042434812543702361 0.052707640670307344 -0.012891375312020795
leaf_weight=344.66606204176787 388.04572992920293 372.82459398236824 8.0226842327392642 20.131992572511081 714.72866844033706 33.198404678027146 14.539427252690077
leaf_count=11316 40861 26667 2740 5412 70478 4845 5655
internal_value=0.0010994 0.00400484 0.0101033 0.0267442 -0.00099954 0.0383281 0.0114464
internal_weight=1896.16 793.383 420.559 75.8925 1102.77 55.7605 22.5621
internal_count=167974 56635 29968 18652 111339 13240 8395
cat_boundaries=0 2 4 6
cat_threshold=1407893820 3333137 2891527830 540960 1363804196 51201
is_linear=0
shrinkage=0.05


Tree=185
num_leaves=8
num_cat=1
split_feature=15 5 6 6 0 0 2
split_gain=4.73268 4.47814 4.64532 6.04753 3.99567 3.77007 4.81615
threshold=0 182500.00000000003 5.9925000000000006 6.0050000000000008 630.50000000000011 671.50000000000011 81.500000000000014
decision_type=9 2 2 2 10 10 10
left_child=-1 2 -2 -4 -5 6 -6
right_child=1 -3 3 4 5 -7 -8
leaf_value=0.00092504914786014031 -0.026651998302857166 0.0048643765539515393 0.029430994896811259 -0.022021882733188197 -0.011285839029176438 -0.011122214515658545 0.020181169295071175
leaf_weight=1648.9318327885703 31.915416541858576 58.889052386628464 6.2134754883300038 36.56007507420145 16.423009451013058 58.33264766947832 24.62325243698433
leaf_count=139197 5413 7938 812 928 1028 11839 725
internal_value=-3.57318e-05 -0.00647951 -0.0107078 -0.00634411 -0.00896541 -0.0033373 0.00773255
internal_weight=1881.89 232.957 174.068 142.152 135.939 99.3789 41.0463
internal_count=167880 28683 20745 15332 14520 13592 1753
cat_boundaries=0 1
cat_threshold=20
is_linear=0
shrinkage=0.05


Tree=186
num_leaves=8
num_cat=3
split_feature=16 13 16 1 1 0 3
split_gain=5.32916 5.21785 6.79457 5.4951 6.21856 5.78471 5.28769
threshold=0 1 2 72.500000000000014 65.500000000000014 665.50000000000011 23.500000000000004
decision_type=9 9 9 10 8 10 10
left_child=1 3 -3 4 -1 -5 -4
right_child=-2 2 6 5 -6 -7 -8
leaf_value=0.0090513137785351774 -0.0011727996728066927 -0.01327345668194763 -0.015240106021099429 0.0058956876758623758 -0.021672877852230623 0.022293700964367474 0.010378063736072045
leaf_weight=34.572185603377875 1417.9096185636299 63.463704516820144 20.241902945243055 134.99096830142662 23.452034242625814 90.503277618612628 100.72139334212989
leaf_count=5345 126900 7297 4267 2475 2333 8834 10146
internal_value=0.000363064 0.00490121 -0.00164968 0.00903129 -0.00410092 0.012818 0.00524034
internal_weight=1885.86 467.945 184.427 283.518 58.0242 225.494 120.963
internal_count=167597 40697 21710 18987 7678 11309 14413
cat_boundaries=0 2 3 5
cat_threshold=3395814657 805281 8 136840192 524288
is_linear=0
shrinkage=0.05


Tree=187
num_leaves=8
num_cat=0
split_feature=4 2 4 5 5 0 0
split_gain=4.67554 3.79826 4.4541 4.0244 3.70198 4.02868 5.28298
threshold=36.500000000000007 97.500000000000014 31.000000000000004 92500.000000000015 262500.00000000006 634.50000000000011 658.50000000000011
decision_type=8 10 10 2 2 10 10
left_child=1 2 4 -3 -1 -6 -7
right_child=-2 3 -4 -5 5 6 -8
leaf_value=-0.0012935336612991473 0.03527734879075288 -0.0062725667314597437 -0.024668347646376744 0.039934663772693252 -0.0074291921329384921 0.037751532930128236 0.0055331380919350975
leaf_weight=1780.7115957594651 4.0000969625543794 5.9828262832015735 14.780340967350638 6.5157677406677976 22.444994597462937 14.496416709385811 43.041109590179985
leaf_count=156595 170 254 575 538 582 572 8653
internal_value=-0.000680766 -0.00084993 -0.0010635 0.022344 -0.000810387 0.0093895 0.0160198
internal_weight=1891.97 1887.97 1875.47 12.4986 1860.69 79.9825 57.5375
internal_count=167939 167769 166977 792 166402 9807 9225
is_linear=0
shrinkage=0.05


Tree=188
num_leaves=8
num_cat=4
split_feature=16 13 16 6 2 16 1
split_gain=6.45382 7.94711 7.52029 5.01162 3.42185 4.44809 4.17087
threshold=0 1 2 9.6325000000000021 89.500000000000014 3 87.500000000000014
decision_type=9 9 9 2 8 9 10
left_child=1 -1 -3 4 5 6 -2
right_child=3 2 -4 -5 -6 -7 -8
leaf_value=0.0073224253895038532 -0.0078823883114156335 0.0059181893165657995 -0.0086263352381661072 0.021887088667785184 -0.0068789159078719913 0.0021210950298159929 0.020039519572551456
leaf_weight=492.94703525840305 230.16677256269031 141.26796968444251 195.12339087520377 15.703887511044739 361.73898915346945 439.32657023268985 9.4699861789122206
leaf_count=38053 26970 14868 26958 178 15257 45544 435
internal_value=8.56698e-05 0.00335367 -0.00252645 -0.00249173 -0.00298632 -0.00087729 -0.00614092
internal_weight=1885.74 829.338 336.391 1056.41 1040.7 678.963 239.637
internal_count=168263 79879 41826 88384 88206 72949 27405
cat_boundaries=0 2 3 5 7
cat_threshold=971972689 3955106 8 17571840 2380192 2215659170 163840
is_linear=0
shrinkage=0.05


Tree=189
num_leaves=8
num_cat=3
split_feature=16 3 3 16 3 0 16
split_gain=5.36294 5.92747 5.68347 7.50911 4.237 4.66453 4.06184
threshold=0 23.500000000000004 55.500000000000007 1 24.500000000000004 548.50000000000011 2
decision_type=9 10 10 9 10 8 9
left_child=1 6 -2 -4 -3 -6 -1
right_child=2 4 3 -5 5 -7 -8
leaf_value=0.0094877255903663242 -0.0027547936416256486 0.027470350658140599 -0.0073882293083837973 0.028936941498512905 0.0310871989301649 0.0038090301509866352 -0.0098486709613122246
leaf_weight=23.484427300631069 1000.2078153704351 15.834327959746586 20.964030593284406 17.896076241100673 11.168017767369745 697.16165484214434 108.52327738224994
leaf_count=3193 94740 1850 1603 1080 132 49377 16148
internal_value=0.000428972 0.00332666 -0.0019761 0.0156452 0.00514219 0.004454 -0.00621433
internal_weight=1895.24 856.172 1039.07 38.8601 724.164 708.33 132.008
internal_count=168123 70700 97423 2683 51359 49509 19341
cat_boundaries=0 2 4 6
cat_threshold=923472680 807624 12640340 9504 268435488 4608
is_linear=0
shrinkage=0.05


Tree=190
num_leaves=8
num_cat=2
split_feature=14 6 6 13 5 3 3
split_gain=4.5378 5.58044 5.31539 5.06769 6.01493 4.84058 5.20378
threshold=0 5.6050000000000013 6.3775000000000004 1 49500.000000000007 31.500000000000004 27.500000000000004
decision_type=9 2 2 9 2 10 8
left_child=2 -2 3 4 -1 6 -6
right_child=1 -3 -4 -5 5 -7 -8
leaf_value=-0.018991593737095674 -0.01193880730980957 -0.00028671591467265413 0.00027442092395424926 0.0030831346933017545 0.022203181363924514 0.036242128785804149 -0.018051448494169765
leaf_weight=4.4727887438493772 106.88572612620192 1262.5197357514116 324.51342876037234 125.42203555535525 14.918833559087945 41.410597695503384 8.787122563691808
leaf_count=589 20341 103212 22128 11952 3382 4886 1315
internal_value=0.000274384 -0.00123632 0.00423024 0.0106416 0.0200439 0.0267469 0.00673672
internal_weight=1888.93 1369.41 519.525 195.011 69.5893 65.1166 23.706
internal_count=167805 123553 44252 22124 10172 9583 4697
cat_boundaries=0 1 2
cat_threshold=1 4
is_linear=0
shrinkage=0.05


Tree=191
num_leaves=8
num_cat=3
split_feature=16 5 16 3 16 5 6
split_gain=6.1204 7.16725 8.84938 6.79936 6.33002 5.59261 7.72434
threshold=0 122500.00000000001 1 27.500000000000004 2 84500.000000000015 7.3025000000000011
decision_type=9 2 9 10 9 2 2
left_child=1 2 3 -1 -3 6 -5
right_child=-2 4 -4 5 -6 -7 -8
leaf_value=-0.007587303306981626 0.0017443579132225715 0.00069913948141386818 -0.0069816927077258123 0.023255434450395344 -0.016597909718502914 0.027877225197788031 -0.012555615562093765
leaf_weight=36.757246492285049 1349.8207304013195 85.355547440703958 166.06911272963043 22.999802228063345 148.23785492434399 48.897618678718572 27.884269959176891
leaf_count=5791 115399 8019 13023 2191 18307 4048 1277
internal_value=-5.22052e-05 -0.00449828 0.000519452 0.00939664 -0.0110617 0.0166134 0.00426356
internal_weight=1886.02 536.201 302.608 136.539 233.593 99.7817 50.8841
internal_count=168055 52656 26330 13307 26326 7516 3468
cat_boundaries=0 2 4 6
cat_threshold=420670595 3049732 285343744 3047424 135292034 2097412
is_linear=0
shrinkage=0.05


Tree=192
num_leaves=8
num_cat=1
split_feature=16 0 2 0 6 3 6
split_gain=8.35054 4.24195 5.80518 3.43286 3.29993 3.94062 4.62402
threshold=0 772.50000000000011 94.500000000000014 798.50000000000011 5.4925000000000006 25.500000000000004 6.2545000000000011
decision_type=9 8 10 10 2 10 2
left_child=4 -2 3 -3 -1 -6 -7
right_child=1 2 -4 -5 5 6 -8
leaf_value=-0.0083063763008338308 -0.00033329756743254711 -0.023973368535052296 0.01879370220663969 0.010111480333781118 -0.0019247570338423788 0.018727425489244331 0.0063542112007863921
leaf_weight=31.410025666555157 1302.5217957764689 45.772136467217933 7.7805513690691432 5.7976682987064114 89.887626488460228 99.152761525474489 312.64214386593085
leaf_count=6048 98109 20272 850 3278 11963 8518 18916
internal_value=0.0011475 -0.000946783 -0.0134856 -0.0195864 0.00635624 0.00747261 0.00952238
internal_weight=1894.96 1361.87 59.3504 51.5698 533.093 501.683 411.795
internal_count=167954 122509 24400 23550 45445 39397 27434
cat_boundaries=0 2
cat_threshold=2165462374 1572950
is_linear=0
shrinkage=0.05


Tree=193
num_leaves=8
num_cat=4
split_feature=16 15 1 5 16 16 5
split_gain=4.78377 4.90695 4.69994 3.39313 7.48194 4.46645 8.97262
threshold=0 1 46.500000000000007 182500.00000000003 2 3 163500.00000000003
decision_type=9 9 10 2 9 9 2
left_child=1 3 -3 5 -5 6 -1
right_child=-2 2 -4 4 -6 -7 -8
leaf_value=0.001698406355581075 0.0015702518411293124 0.023337018192504458 -0.024384930254325511 0.011177128712184245 -0.021204280409105415 -0.0057380627247652014 0.039772648542546529
leaf_weight=180.14699095705873 1405.8939550482901 1.8055853591649782 46.224032018973958 17.790675803320482 40.918190267228056 181.99048004567157 11.986041663680224
leaf_count=15905 125870 557 4975 1567 4689 13086 1356
internal_value=9.58795e-05 -0.00413377 -0.0172978 -0.00214256 -0.0128585 -0.000370088 0.0047797
internal_weight=1886.76 480.862 48.0296 432.832 58.7089 374.124 192.133
internal_count=168005 42135 5532 36603 6256 30347 17261
cat_boundaries=0 2 3 5 7
cat_threshold=2186197443 655782 16 2147745858 38 33591680 524416
is_linear=0
shrinkage=0.05


Tree=194
num_leaves=8
num_cat=4
split_feature=16 2 0 16 16 0 14
split_gain=6.7816 6.39326 9.46767 9.60516 7.47388 5.29304 5.2295
threshold=0 79.500000000000014 665.50000000000011 1 2 562.50000000000011 3
decision_type=9 10 10 9 9 8 9
left_child=5 -2 4 6 -3 -1 -4
right_child=1 2 3 -5 -6 -7 -8
leaf_value=0.016929876407033608 -0.0017792378298024155 -0.0087255687156878904 -0.011752872107262854 0.019447567315781733 0.0061214546451479708 -0.0037904967624804555 0.012391601788543025
leaf_weight=27.081310976296663 416.09196000432712 118.97654812922701 48.462353825569153 172.06900550206774 216.16650534654036 856.82515836218954 33.702496944984887
leaf_count=411 53972 2421 5936 17088 4705 79491 3877
internal_value=0.000138571 0.00292622 0.00628446 0.01346 0.000723383 -0.00302992 -0.00153091
internal_weight=1889.38 1005.47 589.377 254.234 335.143 883.906 82.1649
internal_count=167901 87999 34027 26901 7126 79902 9813
cat_boundaries=0 2 4 6 7
cat_threshold=503582706 929090 569511941 2097824 2148061185 1048597 4
is_linear=0
shrinkage=0.05


Tree=195
num_leaves=8
num_cat=1
split_feature=0 3 0 15 6 6 3
split_gain=3.26572 3.5502 7.35427 3.70413 3.57209 3.38586 2.84455
threshold=606.50000000000011 39.500000000000007 548.50000000000011 0 6.3525000000000009 8.8875000000000011 50.500000000000007
decision_type=10 10 10 9 2 2 8
left_child=1 3 -3 -1 -4 -5 -2
right_child=6 2 4 5 -6 -7 -8
leaf_value=-0.015697080989447321 -0.0026427876363040266 -0.013849234019193286 -0.0034293430266767707 0.004991785927732066 0.021825514195618196 -0.015556749201948581 0.0043903085366562879
leaf_weight=18.288974487688392 1428.5085696743627 20.142782971262932 15.734239611774681 157.49040905386209 69.108164055272937 17.963098658248782 155.26277595839929
leaf_count=526 149306 409 279 3188 884 151 13102
internal_value=-0.00103596 0.00371873 0.0108936 -0.00034544 0.0172117 0.00238319 -0.00194166
internal_weight=1882.5 298.728 104.985 193.742 84.8424 175.454 1583.77
internal_count=167845 5437 1572 3865 1163 3339 162408
cat_boundaries=0 1
cat_threshold=9
is_linear=0
shrinkage=0.05


Tree=196
num_leaves=8
num_cat=2
split_feature=16 0 1 2 16 3 6
split_gain=6.15681 4.99397 5.37866 4.34336 5.2645 4.85746 4.27775
threshold=0 526.50000000000011 71.500000000000014 65.500000000000014 1 46.500000000000007 7.8600000000000003
decision_type=9 10 10 8 9 8 2
left_child=1 -1 3 4 5 -3 -2
right_child=6 2 -4 -5 -6 -7 -8
leaf_value=0.024682749309806226 0.00025845665301275927 -0.0031009719069895821 -0.0026311198345992442 -0.030118309371788995 -0.018646881116584586 0.035430901876059177 0.0060944555574487984
leaf_weight=9.1858090020250511 990.54582602586015 25.386807002592835 339.32582143432228 30.689092378655914 25.622610248217825 6.6032633921131483 455.04903843876673
leaf_count=270 107250 5568 22157 4123 5089 911 22491
internal_value=0.000524392 -0.00458444 -0.00559709 -0.0162429 -0.00703691 0.00674367 0.00209576
internal_weight=1882.41 436.813 427.628 88.3018 57.6127 31.9901 1445.59
internal_count=167859 38118 37848 15691 11568 6479 129741
cat_boundaries=0 2 4
cat_threshold=2756058509 3951141 4593677 262177
is_linear=0
shrinkage=0.05


Tree=197
num_leaves=8
num_cat=2
split_feature=16 6 16 6 3 2 3
split_gain=5.03543 7.06988 10.4504 6.27223 5.86669 4.27318 4.13517
threshold=0 6.1025000000000009 1 5.7495000000000003 27.500000000000004 88.500000000000014 45.500000000000007
decision_type=9 2 9 2 10 10 10
left_child=1 2 -1 -4 -5 6 -6
right_child=-2 -3 3 4 5 -7 -8
leaf_value=-0.01219205624653987 0.0025633525605249386 -0.0050926459285284293 0.00090997440540041986 0.043810968897872116 -0.0057758323445435853 0.031007813216507141 0.022747189622579597
leaf_weight=50.475301478873007 1019.4902931311517 663.69300551584456 67.12218245814438 17.666517381090671 34.457620915258303 16.654999090824276 13.91945410100743
leaf_count=7178 81847 56490 12627 3369 3882 801 1229
internal_value=0.000201579 -0.00258375 0.00552534 0.0117255 0.0212886 0.0124791 0.00379309
internal_weight=1883.48 863.989 200.296 149.821 82.6986 65.0321 48.3771
internal_count=167423 85576 29086 21908 9281 5912 5111
cat_boundaries=0 2 4
cat_threshold=2546113523 611 301994211 96
is_linear=0
shrinkage=0.05


Tree=198
num_leaves=8
num_cat=3
split_feature=8 16 14 16 1 5 6
split_gain=5.24937 8.28905 8.0272 13.2844 11.3374 6.92068 6.23077
threshold=1.5000000000000002 0 1 2 64.500000000000014 228500.00000000003 6.3775000000000004
decision_type=8 9 9 9 10 2 2
left_child=1 -1 6 4 5 -4 -2
right_child=2 -3 3 -5 -6 -7 -8
leaf_value=0.0083253350773247591 0.0042937034354038209 -0.00075234876796863564 -0.017716066577541781 -0.0085660862397067116 0.011915515664672549 0.023402953087679385 -0.012076666100176893
leaf_weight=408.9165890183649 72.151784517045598 619.07274909527041 53.993498136056587 194.56016635187552 274.05260893714149 7.882061606302158 253.83322675790987
leaf_count=23619 10377 36094 15359 24825 26694 2688 28153
internal_value=0.000552495 0.00295473 -0.00233122 0.00146836 0.00735592 -0.01112 -0.00844321
internal_weight=1884.46 1027.99 856.473 530.488 335.928 61.8756 325.985
internal_count=167809 59713 108096 69566 44741 18047 38530
cat_boundaries=0 2 3 5
cat_threshold=406627013 1616454 4 2478901044 1489073
is_linear=0
shrinkage=0.05


Tree=199
num_leaves=8
num_cat=4
split_feature=15 16 16 3 1 5 16
split_gain=4.81575 12.9936 5.24195 5.82702 8.812 7.58732 5.94899
threshold=0 1 2 19.500000000000004 78.500000000000014 73500.000000000015 3
decision_type=9 9 9 10 10 2 9
left_child=2 -2 3 5 6 -1 -5
right_child=1 -3 -4 4 -6 -7 -8
leaf_value=0.044445326077079156 0.0079255940521740387 -0.015130281154893056 -0.00026396419536999546 0.0047615497406147296 0.0099091352716724757 0.0028901629130071447 -0.015742109290377098
leaf_weight=17.010723351646448 90.427752188465092 140.76548074593302 1266.1427266135579 60.030106082063867 226.45715640467824 23.42624079057714 60.094193461933173
leaf_count=1536 9070 19581 109302 7175 10895 3815 6317
internal_value=0.000354468 -0.00617888 0.00131337 0.00629098 0.00417729 0.0233385 -0.0065925
internal_weight=1884.35 231.193 1653.16 387.018 346.581 40.437 120.124
internal_count=167691 28651 139040 29738 24387 5351 13492
cat_boundaries=0 1 3 5 7
cat_threshold=20 1083774027 9123 1481164226 1087488 573442 1083392
is_linear=0
shrinkage=0.05


Tree=200
num_leaves=8
num_cat=4
split_feature=16 6 16 16 5 16 7
split_gain=5.70975 4.78362 11.1154 8.9361 8.62069 5.88846 5.48836
threshold=0 6.9425000000000017 1 2 64500.000000000007 3 1.5000000000000002
decision_type=9 2 9 9 2 9 10
left_child=-1 2 -2 4 -3 -5 -4
right_child=1 3 6 5 -6 -7 -8
leaf_value=-0.0027939603290350391 -0.011125492086826456 -0.0047298728007273156 0.0033050222987282976 -0.01006778880069931 0.029269715698220691 0.0049443799714783947 0.037401595084674409
leaf_weight=884.84712444440811 159.62429708460695 23.299232551362365 295.92246971960412 64.012573314015754 68.468819174740929 387.26408626645571 7.386472128564491
leaf_count=88881 17959 905 30137 3650 3488 22386 624
internal_value=0.000111263 0.00266908 -0.00103637 0.00585723 0.0188873 0.00255956 0.00457992
internal_weight=1890.83 1005.98 462.933 543.045 91.7681 451.277 303.309
internal_count=168030 79149 48720 30429 4393 26036 30761
cat_boundaries=0 2 4 6 8
cat_threshold=2527148688 4115209 1765801995 9312 1212153858 1122 1720576 4096
is_linear=0
shrinkage=0.05


Tree=201
num_leaves=8
num_cat=3
split_feature=16 12 5 16 0 5 0
split_gain=5.63074 5.53199 6.33465 5.16898 6.00356 5.05929 6.37542
threshold=0 1 37500.000000000007 2 630.50000000000011 78500.000000000015 562.50000000000011
decision_type=9 1 2 9 10 2 8
left_child=1 2 -1 -4 -5 6 -3
right_child=-2 5 3 4 -6 -7 -8
leaf_value=-0.017963815197974801 -0.0012993471338989563 0.030737425748134196 -0.010628737474389832 -0.0037409680814413718 0.052525129265385322 0.0059477892820785127 -0.0059920804715935866
leaf_weight=5.0603570748935445 1192.8071723059111 7.6866692258045068 6.3084816253976905 5.0138681828975704 21.197268180170795 472.6398188721214 178.00159453012748
leaf_count=210 110648 88 597 74 1573 42751 12043
internal_value=0.000790132 0.00431229 0.0218729 0.0296397 0.0324804 0.00321756 -0.00370555
internal_weight=1888.72 695.908 37.58 32.5196 26.2111 658.328 185.688
internal_count=167984 57336 2454 2244 1647 54882 12131
cat_boundaries=0 2 3 5
cat_threshold=2621395175 60064 1 2281853027 2560
is_linear=0
shrinkage=0.05


Tree=202
num_leaves=8
num_cat=3
split_feature=16 2 3 16 3 6 13
split_gain=5.5433 5.79291 4.40143 4.25794 3.81657 3.55982 4.45034
threshold=0 94.500000000000014 43.500000000000007 1 6.5000000000000009 5.3550000000000013 2
decision_type=9 10 8 9 8 2 9
left_child=1 -1 3 -3 -2 -6 -7
right_child=4 2 -4 -5 5 6 -8
leaf_value=-0.0084233771625326082 0.030024204329365256 0.015404551312116552 0.023261571967068382 -0.0087447701076708087 -0.01127738634576079 0.0031821800400524004 -0.0025971453010935719
leaf_weight=357.87298590311548 6.0221342440636354 11.864789681683758 21.323385180556215 42.616821746341884 56.609125692484668 864.14439581596525 523.23670544713968
leaf_count=40501 846 631 650 1950 11884 56299 55089
internal_value=-0.000793376 -0.00564837 0.00646393 -0.00151317 0.000707064 0.000486495 0.00100527
internal_weight=1883.69 433.678 75.805 54.4816 1450.01 1443.99 1387.38
internal_count=167850 43732 3231 2581 124118 123272 111388
cat_boundaries=0 2 3 4
cat_threshold=2276747270 164416 2383872 8
is_linear=0
shrinkage=0.05


Tree=203
num_leaves=8
num_cat=2
split_feature=16 6 5 6 16 6 3
split_gain=3.91518 4.09515 5.42865 6.72308 4.96929 7.42831 6.56529
threshold=0 6.9945000000000013 114500.00000000001 8.5945000000000018 1 6.3025000000000011 54.500000000000007
decision_type=9 2 2 2 9 2 8
left_child=1 4 3 -3 5 6 -1
right_child=-2 2 -4 -5 -6 -7 -8
leaf_value=0.0023865394728117312 0.0021196976953330904 0.01056428707396768 -0.0068909217190866361 -0.0094529893847110427 -0.014640539091502966 -0.013881327238236145 0.04033712498200781
leaf_weight=94.152366206981242 1258.570265289396 165.57466536556603 133.69150780065684 51.330567551776767 110.13640859810403 64.24596858600853 8.0917535036569443
leaf_count=10773 118712 9259 8781 1072 13051 5632 620
internal_value=0.000520841 -0.00267007 0.000882447 0.00572094 -0.00720307 -0.00108277 0.0071306
internal_weight=1885.79 627.223 350.597 216.905 276.626 166.49 102.244
internal_count=167900 49188 19112 10331 30076 17025 11393
cat_boundaries=0 2 4
cat_threshold=1879058760 419157 8512 139541
is_linear=0
shrinkage=0.05


Tree=204
num_leaves=8
num_cat=5
split_feature=16 14 6 3 14 11 16
split_gain=5.30468 7.51074 5.60518 5.37389 5.01943 4.8628 8.42704
threshold=0 1 9.0250000000000021 23.500000000000004 2 3 4
decision_type=9 9 2 10 9 9 9
left_child=1 2 -1 4 -2 6 -3
right_child=3 5 -4 -5 -6 -7 -8
leaf_value=0.009951225983119507 -0.028798539417611055 -0.010145188309187085 -0.01776876218497107 -0.00151063960514614 -0.006242042785812224 -0.0024903573474238088 0.017234145386676312
leaf_weight=306.57074816781096 30.123052761453437 32.435458467749413 14.883198994211851 739.67053969879635 97.134344803052954 599.98409255727893 69.166892869485309
leaf_count=26394 4261 1860 184 57001 16398 57188 4851
internal_value=-0.000297663 0.0021289 0.00841531 -0.00314532 -0.0124683 -0.00076045 0.0090927
internal_weight=1889.97 1023.04 321.454 866.928 127.257 701.586 101.602
internal_count=168137 90477 26578 77660 20659 63899 6711
cat_boundaries=0 2 3 4 5 7
cat_threshold=970949079 7482 1 1 4 411205638 4096
is_linear=0
shrinkage=0.05


Tree=205
num_leaves=8
num_cat=2
split_feature=3 16 5 5 3 3 16
split_gain=5.44873 5.58688 4.11577 6.53275 6.12746 4.93669 4.42709
threshold=4.5000000000000009 0 32500.000000000004 56500.000000000007 43.500000000000007 44.500000000000007 1
decision_type=8 9 2 2 10 10 9
left_child=-1 2 -2 4 -4 -5 -7
right_child=1 -3 3 5 -6 6 -8
leaf_value=0.040752900197976109 -0.024233201041353875 -0.0018210412015130701 0.02991502763665202 8.2303152324173987e-05 -0.011597918775461159 -0.010560844005719995 0.014573181882594384
leaf_weight=3.1827410248224615 7.5114441385376258 1362.6313512103516 37.51585905070533 355.24379537368077 8.3548475507996027 12.307425540988332 101.40780732192798
leaf_count=460 578 116399 3318 39551 477 1231 6171
internal_value=4.02615e-05 -0.000136113 0.00419003 0.00491443 0.0219571 0.00303337 0.0118607
internal_weight=1888.16 1884.97 522.341 514.83 45.8707 468.959 113.715
internal_count=168185 167725 51326 50748 3795 46953 7402
cat_boundaries=0 2 4
cat_threshold=808460741 1878856 536871236 33536
is_linear=0
shrinkage=0.05


Tree=206
num_leaves=8
num_cat=3
split_feature=16 0 16 5 0 3 12
split_gain=6.10877 8.13859 5.61665 5.89043 5.92435 6.42435 5.58116
threshold=0 602.50000000000011 1 151500.00000000003 591.50000000000011 29.500000000000004 2
decision_type=9 8 9 2 10 10 1
left_child=-1 2 -2 4 5 -4 -3
right_child=1 6 3 -5 -6 -7 -8
leaf_value=0.0034465924005649753 -0.0091770566208890427 0.010500033735412339 0.016379903563441274 0.030568558903859899 0.023631489090827632 -0.014441541161332255 -0.0049347889956248741
leaf_weight=760.43536129881977 28.680222440510988 57.883311478188261 22.632878535427153 31.461612831801176 27.030332993716002 38.795202587731183 924.43112978659337
leaf_count=64589 393 4635 363 645 413 518 96412
internal_value=1.95856e-05 -0.00229988 0.00840364 0.0125382 0.0061747 -0.00270738 -0.00397672
internal_weight=1891.35 1130.91 148.6 119.92 88.4584 61.4281 982.314
internal_count=167968 103379 2332 1939 1294 881 101047
cat_boundaries=0 2 4 5
cat_threshold=623420322 3811656 2416182276 16416 1
is_linear=0
shrinkage=0.05


Tree=207
num_leaves=8
num_cat=4
split_feature=16 14 4 16 3 6 16
split_gain=4.11165 4.97481 7.13757 7.00956 6.96423 7.20223 6.36138
threshold=0 1 25.500000000000004 2 34.500000000000007 5.5100000000000007 3
decision_type=9 9 8 9 10 2 9
left_child=1 4 3 -3 -1 -6 -4
right_child=-2 2 6 -5 5 -7 -8
leaf_value=0.019857772689167417 -0.0014252297486252877 0.0079910418136178597 -0.0086134857125215892 -0.0066458669612294713 0.030355350573718656 -0.0041769462171486939 0.017477081601024486
leaf_weight=90.29198750629439 1211.2288916594698 100.94507884327322 24.309658843674697 271.35620797463343 12.846434862876775 93.3251313327346 78.343427826999687
leaf_count=11039 95615 10428 1033 38263 1718 7144 2591
internal_value=0.000313554 0.00340833 0.000658842 -0.00258829 0.0100431 0.00117868 0.0120087
internal_weight=1882.65 671.418 474.954 372.301 196.464 106.172 102.653
internal_count=167831 72216 52315 48691 19901 8862 3624
cat_boundaries=0 2 3 5 7
cat_threshold=509710748 35369 1 6361480 2560 4198664 521
is_linear=0
shrinkage=0.05


Tree=208
num_leaves=8
num_cat=3
split_feature=16 0 16 6 16 7 0
split_gain=7.11933 5.07985 8.16775 4.80039 15.9829 7.36694 8.32692
threshold=0 600.50000000000011 1 7.9945000000000013 2 1.5000000000000002 748.50000000000011
decision_type=9 8 9 2 9 10 8
left_child=-1 2 -2 -3 5 6 -5
right_child=1 3 -4 4 -6 -7 -8
leaf_value=0.0044120376435866542 -0.012882551013625329 -0.0051311102326674447 0.012837400461751587 0.0069067444949057234 -0.0075900759531345235 0.059294826673208047 0.047161385124638411
leaf_weight=744.97613666797406 29.226133311633021 740.11031557794195 107.12970685632899 96.750398562173359 155.9212941560545 4.9598997107241294 10.332669345429165
leaf_count=57095 518 93480 1724 4702 7766 322 2268
internal_value=0.000658265 -0.00181643 0.00706078 -0.00306404 0.00263455 0.0158721 0.0127216
internal_weight=1889.41 1144.43 136.356 1008.07 267.964 112.043 107.083
internal_count=167875 110780 2242 108538 15058 7292 6970
cat_boundaries=0 2 4 6
cat_threshold=1160304199 3165604 2147754016 37450 2588942512 295496
is_linear=0
shrinkage=0.05


Tree=209
num_leaves=8
num_cat=2
split_feature=16 2 0 5 8 16 1
split_gain=5.73999 5.21263 5.76554 6.88243 5.33709 4.79996 4.62282
threshold=0 71.500000000000014 597.50000000000011 40500.000000000007 1.5000000000000002 1 59.500000000000007
decision_type=9 10 10 2 8 9 10
left_child=1 2 -1 4 -4 6 -5
right_child=-2 -3 3 5 -6 -7 -8
leaf_value=0.016309669840498583 -0.002268770242492911 0.0053682876491983472 0.035962015372507289 -0.013018862569726581 -0.016235350604370934 -0.016260211523105476 0.01834517531278252
leaf_weight=24.134746572934091 1072.1850180529 641.47676487226272 9.9045417671441065 16.34128168632742 3.8073746698210025 98.697118361014873 21.689550667768344
leaf_count=582 98026 41391 877 3668 839 19843 2848
internal_value=0.000124195 0.00325095 -0.00428106 -0.00800276 0.021003 -0.01155 0.00399363
internal_weight=1888.24 816.051 174.575 150.44 13.7119 136.728 38.0308
internal_count=168074 70048 28657 28075 1716 26359 6516
cat_boundaries=0 2 4
cat_threshold=1779315786 838589 4098 2188
is_linear=0
shrinkage=0.05


Tree=210
num_leaves=8
num_cat=2
split_feature=16 0 1 16 0 1 0
split_gain=4.16796 4.30206 7.66066 8.56063 7.09454 5.64133 6.80962
threshold=0 676.50000000000011 77.500000000000014 1 631.50000000000011 69.500000000000014 709.50000000000011
decision_type=9 8 10 9 10 10 8
left_child=1 2 3 -1 -5 -3 -7
right_child=-2 5 -4 4 -6 6 -8
leaf_value=-0.0050165867488205194 -0.0023406278197218027 -0.012632244923353027 0.0010775462443316911 0.029343018571043225 0.0071539082679971822 -0.0062095706086335604 0.0092005639557111059
leaf_weight=51.15996065037325 883.02801481392817 87.847141296690097 439.56070211017504 76.96141800750047 71.820613896823488 137.30335733946413 139.67923472262919
leaf_count=2118 74922 32184 10719 2109 4645 10617 30577
internal_value=0.000144989 0.00233125 0.00481255 0.0127971 0.0180396 -0.00196139 0.00158693
internal_weight=1887.36 1004.33 639.503 199.942 148.782 364.83 276.983
internal_count=167891 92969 19591 8872 6754 73378 41194
cat_boundaries=0 2 4
cat_threshold=1263944254 1861396 1078198278 1597700
is_linear=0
shrinkage=0.05


Tree=211
num_leaves=8
num_cat=3
split_feature=3 16 16 3 6 16 6
split_gain=4.95441 15.8944 5.65891 4.7848 3.82234 5.55916 3.38342
threshold=53.500000000000007 0 1 51.500000000000007 6.1025000000000009 2 7.9945000000000013
decision_type=10 9 9 10 2 9 2
left_child=2 -2 6 -4 5 -3 -1
right_child=1 4 3 -5 -6 -7 -8
leaf_value=-0.0067411966815404028 0.025955241429541101 0.019568976097067259 0.0017635512472405407 -0.021130283847284877 -0.020726255916286188 -0.015797985952178663 0.0012858549859639124
leaf_weight=477.71745540070697 51.177297608403023 9.6933546177460794 1110.8079751850746 18.316011826391332 32.491020432295045 6.5953415966359925 178.35467871377477
leaf_count=57760 3004 817 93481 1174 1983 571 9048
internal_value=-0.00024366 0.0103153 -0.000862037 0.00128929 -0.00995595 0.00667306 -0.00449777
internal_weight=1885.15 99.957 1785.2 1129.12 48.7797 16.2887 656.072
internal_count=167838 6375 161463 94655 3371 1388 66808
cat_boundaries=0 2 4 6
cat_threshold=1421116456 401525 2771535897 3289681 655888 1162
is_linear=0
shrinkage=0.05


Tree=212
num_leaves=8
num_cat=3
split_feature=2 16 16 3 2 14 6
split_gain=4.97783 6.5766 4.84841 5.06176 4.56198 4.26699 11.2504
threshold=36.500000000000007 0 1 4.5000000000000009 31.500000000000004 2 7.8600000000000003
decision_type=10 9 9 8 8 9 2
left_child=1 4 -2 -4 -1 -5 -7
right_child=2 -3 3 5 -6 6 -8
leaf_value=0.039474120930668613 -0.0037342926501900443 -0.025764757573603705 0.043487603763326471 -0.0011274390844204728 -0.013905307377798611 0.0012106656122914123 0.015176015138780594
leaf_weight=5.5239320609252873 428.61194890725892 21.449974760209447 2.4195325645268886 608.10093984537525 3.2313011039514103 636.4554900896037 181.85584779860801
leaf_count=1486 33884 7073 301 48326 938 68937 6925
internal_value=0.000501414 -0.0181269 0.000852193 0.00224662 0.0126694 0.0020407 0.00438754
internal_weight=1887.65 30.2052 1857.44 1428.83 8.75523 1426.41 818.311
internal_count=167870 9497 158373 124489 2424 124188 75862
cat_boundaries=0 2 4 5
cat_threshold=1367900192 159744 38808996 1203464 4
is_linear=0
shrinkage=0.05


Tree=213
num_leaves=8
num_cat=2
split_feature=16 5 16 2 5 5 3
split_gain=5.90308 8.48448 12.2341 7.57632 6.11428 5.63332 5.07681
threshold=0 238500.00000000003 1 94.500000000000014 210500.00000000003 200500.00000000003 5.5000000000000009
decision_type=9 2 9 10 2 2 10
left_child=3 4 -3 -1 5 6 -2
right_child=1 2 -4 -5 -6 -7 -8
leaf_value=0.00041795240466110343 0.016622524543576513 -0.0067568458913719589 0.025616713286471193 0.012847747695664661 -0.019458293079958069 0.019733981919229926 -0.0042110388132558753
leaf_weight=564.28850726087694 25.301392078341451 49.965550419816282 46.456706448079785 151.74956995347748 55.145996664621634 21.631667712237686 972.77883309975732
leaf_count=55081 2493 7931 4205 5600 6288 2502 83843
internal_value=-0.000460492 -0.00263278 0.0111944 0.0030803 -0.00394364 -0.00301375 -0.00360268
internal_weight=1887.32 1171.28 96.4223 716.038 1074.86 1019.71 998.08
internal_count=167943 107262 12136 60681 95126 88838 86336
cat_boundaries=0 2 4
cat_threshold=1865766413 1327458 273195408 696848
is_linear=0
shrinkage=0.05


Tree=214
num_leaves=8
num_cat=1
split_feature=2 5 0 6 14 5 0
split_gain=3.38784 4.97315 7.00053 7.56459 4.7428 4.62441 4.61478
threshold=62.500000000000007 129500.00000000001 693.50000000000011 5.6050000000000013 0 75500.000000000015 578.50000000000011
decision_type=10 2 8 2 9 2 8
left_child=1 5 3 -3 -5 6 -1
right_child=-2 2 -4 4 -6 -7 -8
leaf_value=0.026109201126219707 0.00062958805909380737 -0.01874700390130557 -0.012951152699883371 -0.0082470639890505106 0.035719768902901898 -0.021052818033052048 -0.0071319187520256918
leaf_weight=6.9168271217495194 1664.6638405212434 7.5573748077731571 27.265486959629925 5.5999623461393639 26.056016860180538 60.208926289808005 82.480605277698487
leaf_count=115 119551 766 14868 509 1982 14778 15053
internal_value=-0.000140947 -0.00595694 0.00515687 0.0177883 0.027878 -0.0109025 -0.00331329
internal_weight=1880.75 216.085 66.4788 39.2134 31.656 149.606 89.3974
internal_count=167622 48071 18125 3257 2491 29946 15168
cat_boundaries=0 1
cat_threshold=4
is_linear=0
shrinkage=0.05


Tree=215
num_leaves=8
num_cat=3
split_feature=16 4 2 16 2 11 6
split_gain=6.57292 3.76319 3.57249 3.60059 3.78539 3.67162 5.44897
threshold=0 36.500000000000007 97.500000000000014 1 36.500000000000007 2 6.3525000000000009
decision_type=9 8 10 9 10 9 2
left_child=-1 2 3 5 -5 6 -2
right_child=1 -3 -4 4 -6 -7 -8
leaf_value=-0.0092856547696539109 -0.014067341536799151 0.033733738654708335 0.024249661093853313 -0.019160294768054281 0.00030866442849443378 0.0036662544590989506 0.026819147616653046
leaf_weight=135.75477818530635 6.9809110350324763 4.0764147920999667 12.003863763005937 20.446585051860893 1319.6773792942986 357.56556051009102 33.063770837034099
leaf_count=14816 526 155 707 7087 114936 27764 1841
internal_value=0.000750321 0.00159508 0.00143338 0.00120665 -5.80635e-05 0.00528721 0.0189212
internal_weight=1889.57 1753.81 1749.74 1737.73 1340.12 397.61 40.0447
internal_count=167832 153016 152861 152154 122023 30131 2367
cat_boundaries=0 2 4 5
cat_threshold=1074794497 3805186 235684256 19813 4
is_linear=0
shrinkage=0.05


Tree=216
num_leaves=8
num_cat=3
split_feature=16 7 3 0 16 2 16
split_gain=8.80667 4.07153 5.32076 3.45986 8.58088 6.81425 6.36594
threshold=0 1.5000000000000002 49.500000000000007 627.50000000000011 1 65.500000000000014 2
decision_type=9 10 8 10 9 10 9
left_child=1 2 -1 4 5 -2 -5
right_child=3 -3 -4 6 -6 -7 -8
leaf_value=-0.01168590540792106 0.017614143865945731 0.02029404914229176 0.0077778708760383262 0.0042018835769994899 0.008834560939893002 -0.010286004315984665 -0.0036758136405864194
leaf_weight=289.05810494799516 21.564648134633899 7.3712993452209039 36.369742545124609 379.78228157822741 303.39586160355248 126.21569789107889 719.74480008997489
leaf_count=23416 686 460 2100 42107 5896 2188 90884
internal_value=-0.00104545 -0.00823321 -0.00942586 0.000567898 0.00423327 -0.00541694 -0.00094335
internal_weight=1883.5 332.799 325.428 1550.7 451.176 147.78 1099.53
internal_count=167737 25976 25516 141761 8770 2874 132991
cat_boundaries=0 2 4 6
cat_threshold=3230420992 3297888 83887720 267 85001922 35075
is_linear=0
shrinkage=0.05


Tree=217
num_leaves=8
num_cat=2
split_feature=16 5 5 3 1 14 6
split_gain=6.68398 5.76697 8.22026 6.48575 6.81598 6.15301 6.90539
threshold=0 82500.000000000015 196500.00000000003 41.500000000000007 73.500000000000014 1 6.9945000000000013
decision_type=9 2 2 8 10 9 2
left_child=1 3 -3 -1 -5 -6 -7
right_child=-2 2 -4 4 5 6 -8
leaf_value=-0.0021527767611207497 0.0027394074910749291 -0.010036864249810519 0.005594988353518386 -0.0090745585792649016 -0.005312455669634307 -0.00049346476182953413 0.046668022226764555
leaf_weight=174.20439010151313 1169.5144180520438 369.65480659899185 104.89819923235336 17.204320433840621 11.257224220316857 10.358005245914681 24.773978161625564
leaf_count=12048 112901 30427 9823 1506 279 415 565
internal_value=0.00042804 -0.00335081 -0.00655919 0.0029171 0.0159498 0.0252105 0.0344342
internal_weight=1881.87 712.351 474.553 237.798 63.5935 46.3892 35.132
internal_count=167964 55063 40250 14813 2765 1259 980
cat_boundaries=0 2 3
cat_threshold=2183335396 1201209 1
is_linear=0
shrinkage=0.05


Tree=218
num_leaves=8
num_cat=3
split_feature=16 2 2 3 16 6 16
split_gain=6.83739 5.3425 3.99802 3.39718 6.62644 5.47603 5.19089
threshold=0 35.500000000000007 23.500000000000004 27.500000000000004 1 7.2475000000000014 2
decision_type=9 10 10 8 9 2 9
left_child=2 -2 -1 4 5 -4 -5
right_child=1 -3 3 6 -6 -7 -8
leaf_value=0.032733890916212142 -0.02197102279279373 0.002529651839841612 -0.0088690475092305012 0.0024331256279615438 -0.017827229480877664 0.028275892725060786 -0.007961158379212149
leaf_weight=2.231976675160694 17.677017306123162 1291.0939279548475 17.592652877327058 232.63701112964191 88.228638561209664 13.519919352373106 224.95748723248835
leaf_count=671 6111 110094 4262 14202 11968 1280 19254
internal_value=0.000101622 0.00210039 -0.00435578 -0.00485414 -0.0122002 0.00701093 -0.00282711
internal_weight=1887.94 1308.77 579.168 576.936 119.341 31.1126 457.594
internal_count=167842 116205 51637 50966 17510 5542 33456
cat_boundaries=0 2 4 6
cat_threshold=1346000930 2526892 270548992 166400 1075445762 263328
is_linear=0
shrinkage=0.05


Tree=219
num_leaves=8
num_cat=3
split_feature=16 3 3 16 3 16 1
split_gain=6.05164 5.21394 8.65901 6.55631 4.37885 6.45518 5.41251
threshold=0 23.500000000000004 24.500000000000004 1 39.500000000000007 2 71.500000000000014
decision_type=9 8 8 9 8 9 10
left_child=1 3 -3 -1 5 6 -4
right_child=-2 2 4 -5 -6 -7 -8
leaf_value=0.01051468080138184 -0.0027535956435304765 0.036842082700250203 -0.010649537437704155 -0.014116076617028954 0.0077764722069039328 -0.005493181886716195 0.013468852006958168
leaf_weight=28.063369859766681 1113.3881789801235 15.22692821206874 25.484138257888844 72.332437656703405 314.79296238388633 216.55333856469952 104.9259768690099
leaf_count=6016 93710 1968 3655 11846 21531 23214 6150
internal_value=-0.00040674 0.00294813 0.00456908 -0.00740061 0.00355577 -0.000329665 0.00794948
internal_weight=1890.77 777.379 676.983 100.396 661.756 346.963 130.41
internal_count=168090 74380 56518 17862 54550 33019 9805
cat_boundaries=0 2 4 6
cat_threshold=2397642902 545511 201334802 20992 109584390 550
is_linear=0
shrinkage=0.05


Tree=220
num_leaves=8
num_cat=4
split_feature=16 15 16 1 11 1 1
split_gain=5.30385 4.25479 8.81941 5.78988 4.40808 5.87466 4.59374
threshold=0 1 2 93.500000000000014 3 75.500000000000014 86.500000000000014
decision_type=9 9 9 10 9 10 10
left_child=-1 -2 4 -4 -3 -6 -7
right_child=1 2 3 -5 5 6 -8
leaf_value=0.0048341454878497898 -0.00028176089721013592 0.024569135449983005 -0.027811586221932152 0.0037128529314674331 0.017797064542523035 -0.025187116512146758 0.0027050261304183646
leaf_weight=447.59907072997885 1267.7125117332325 14.069792576658074 63.897221779683605 17.092351449769922 20.525725908955792 23.77783527970314 28.527327916352078
leaf_count=37650 109492 1072 10583 797 4091 2760 1310
internal_value=0.000174457 -0.00131453 -0.00845011 -0.0191074 0.00283289 -0.00231085 -0.011066
internal_weight=1883.2 1435.6 167.89 80.9896 86.9007 72.8309 52.3052
internal_count=167755 130105 20613 11380 9233 8161 4070
cat_boundaries=0 2 3 5 6
cat_threshold=2892652556 64036 16 1090590307 2490754 4
is_linear=0
shrinkage=0.05


Tree=221
num_leaves=8
num_cat=3
split_feature=16 0 6 16 16 6 6
split_gain=5.24301 5.22318 6.11902 8.00559 6.90525 4.7363 4.62592
threshold=0 614.50000000000011 7.3725000000000014 1 2 8.2600000000000016 6.8525000000000009
decision_type=9 10 2 9 9 2 2
left_child=1 -1 3 6 -4 -6 -3
right_child=-2 2 4 -5 5 -7 -8
leaf_value=-0.0054946899421990207 -0.0011499693931993737 -0.016718911972269299 0.025972266345252043 0.0094679454800840265 0.012361903773947726 -0.010560603557742921 0.0069531386719543439
leaf_weight=91.280833401251584 1435.193820996763 61.765183305280516 62.157445309800096 134.59678792534396 53.966903317719698 31.806766761816107 26.539476875361288
leaf_count=1600 129332 9509 3998 15375 4532 1362 2594
internal_value=0.000350582 0.00489316 0.00761942 0.00227919 0.0153284 0.00337629 -0.0086825
internal_weight=1897.31 462.113 370.833 222.901 147.931 85.7737 88.3047
internal_count=168302 38970 37370 27478 9892 5894 12103
cat_boundaries=0 2 4 6
cat_threshold=3530305700 2116034 1379934336 16448 1382023296 16640
is_linear=0
shrinkage=0.05


Tree=222
num_leaves=8
num_cat=2
split_feature=16 5 5 2 0 16 5
split_gain=6.92402 7.06322 5.34668 5.43125 4.53404 7.47616 4.2522
threshold=0 40500.000000000007 181500.00000000003 45.500000000000007 764.50000000000011 1 34500.000000000007
decision_type=9 2 2 8 8 9 2
left_child=1 -1 -3 -4 6 -6 -2
right_child=4 2 3 -5 5 -7 -8
leaf_value=0.019550946115761872 -0.014404074360979516 -0.0066681960271359267 0.040799460004728061 0.0014252218280423605 0.0117226970953444 -0.018364216328954183 0.0042263574934520492
leaf_weight=27.430627627065405 26.739074998477008 543.92550576996291 4.3345010791963423 149.58673899082351 21.187254167947685 44.158370298799127 1064.3818508547265
leaf_count=1684 1305 45507 1745 17393 8046 19301 72764
internal_value=0.000516818 -0.00327598 -0.00435256 0.00378277 0.00290254 -0.00941331 0.00370618
internal_weight=1881.74 725.277 697.847 153.921 1156.47 65.3456 1091.12
internal_count=167745 66329 64645 19138 101416 27347 74069
cat_boundaries=0 2 4
cat_threshold=4027596368 3093 212484102 1327200
is_linear=0
shrinkage=0.05


Tree=223
num_leaves=8
num_cat=2
split_feature=3 4 14 8 5 0 14
split_gain=4.03012 3.4977 15.602 4.12212 5.45288 3.93914 3.66349
threshold=4.5000000000000009 25.500000000000004 0 1.5000000000000002 100500.00000000001 756.50000000000011 1
decision_type=8 8 9 10 2 8 9
left_child=-1 6 3 4 -3 -4 -2
right_child=1 2 5 -5 -6 -7 -8
leaf_value=0.033892494367922868 0.0024783089770719722 0.030396087475583835 -0.0016383673648898518 0.042564012508350402 -0.011397379545070146 0.024011463000278406 -0.0026254309221742083
leaf_weight=3.8209571212646543 521.09528494332335 10.849836401641371 249.55292309587821 24.533135276054963 11.498214951949192 10.903589633293448 1056.6500002362882
leaf_count=479 44199 179 7092 829 285 1164 113831
internal_value=0.000174827 1.70048e-05 0.00485245 0.0298911 0.0107407 -0.000132537 -0.000937272
internal_weight=1888.9 1885.08 307.338 46.8812 22.3481 260.457 1577.75
internal_count=168058 167579 9549 1293 464 8256 158030
cat_boundaries=0 1 2
cat_threshold=2 1
is_linear=0
shrinkage=0.05


Tree=224
num_leaves=8
num_cat=3
split_feature=16 6 6 16 16 5 6
split_gain=4.73084 5.52447 8.4049 14.2524 7.48111 5.86061 7.47624
threshold=0 6.9050000000000011 6.3775000000000004 1 2 130500.00000000001 5.4925000000000006
decision_type=9 2 2 9 9 2 2
left_child=-1 2 3 5 -3 -2 -7
right_child=1 4 -4 -5 -6 6 -8
leaf_value=0.0034000418172748731 -0.0021199346686318768 -0.0068673067490068159 -0.014074875880771193 -0.012241561800362536 0.0043758486049346587 -0.010644190276304656 0.019218991484200542
leaf_weight=637.8426218101522 100.16636496371939 193.70581824181136 185.08535542953177 154.96867295505945 496.32101861157571 22.426878664933611 105.83536454115529
leaf_count=53490 13523 13880 20384 19048 29427 5121 12993
internal_value=-6.15035e-05 -0.0018348 -0.0054768 -0.00119831 0.0011571 0.00663546 0.0137939
internal_weight=1896.35 1258.51 568.483 383.397 690.027 228.429 128.262
internal_count=167866 114376 71069 50685 43307 31637 18114
cat_boundaries=0 2 4 6
cat_threshold=81756356 3938309 2164266553 164634 2147500840 164616
is_linear=0
shrinkage=0.05


Tree=225
num_leaves=8
num_cat=2
split_feature=0 2 5 15 0 3 13
split_gain=4.41341 9.96846 10.2676 6.85723 6.23001 7.60346 6.06146
threshold=709.50000000000011 75.500000000000014 80500.000000000015 0 723.50000000000011 57.500000000000007 1
decision_type=8 10 2 9 10 10 9
left_child=-1 2 -2 6 -4 -6 -3
right_child=1 3 4 -5 5 -7 -8
leaf_value=-0.0013486031672581779 0.011811470999493298 0.022499535684162505 0.0064096764761838237 -0.0078394861092124409 -0.02538750008584191 0.030613583916567495 0.0030364548937633308
leaf_weight=1518.7182645548019 52.891419037536252 102.88038237381261 24.044654393801466 34.423543932149187 69.727875239856075 2.4349402067600741 84.054045623226557
leaf_count=63471 17529 16436 5034 8565 38490 729 17802
internal_value=-0.000152527 0.00470354 -0.00518884 0.0113341 -0.0146568 -0.0216366 0.0146237
internal_weight=1889.18 370.457 149.099 221.358 96.2075 72.1628 186.934
internal_count=168056 104585 61782 42803 44253 39219 34238
cat_boundaries=0 1 2
cat_threshold=20 8
is_linear=0
shrinkage=0.05


Tree=226
num_leaves=8
num_cat=5
split_feature=2 16 16 5 16 14 16
split_gain=4.46757 12.1114 8.91692 6.5704 6.39237 5.46385 11.9821
threshold=79.500000000000014 0 1 153500.00000000003 2 3 4
decision_type=10 9 9 2 9 9 9
left_child=1 -1 -2 -4 -5 -3 -7
right_child=2 5 3 4 -6 6 -8
leaf_value=-0.012442158517531311 0.0068745917657754398 0.0067941392633047229 -0.0052266130655043994 0.0097597436284927574 -0.0086301271597373479 0.007709028032669785 -0.012332982560265219
leaf_weight=235.97898439181154 445.62036951174377 222.60876414197264 493.40621661476325 161.10989292443264 52.942785861843731 121.60540972137824 152.94948806485627
leaf_count=41770 25365 19664 24880 10915 4163 16396 24466
internal_value=-0.00047615 -0.00351495 0.0014628 -0.00203824 0.00516968 0.00103128 -0.0036423
internal_weight=1886.22 733.143 1153.08 707.459 214.053 497.164 274.555
internal_count=167619 102296 65323 39958 15078 60526 40862
cat_boundaries=0 2 4 6 7 9
cat_threshold=3490784728 835620 3566444938 1622883 138937968 275468 1 6427137 1059096
is_linear=0
shrinkage=0.05


Tree=227
num_leaves=8
num_cat=3
split_feature=16 1 1 1 16 6 13
split_gain=4.84651 5.56501 3.99365 4.49131 10.8452 3.75382 3.72671
threshold=0 29.500000000000004 36.500000000000007 46.500000000000007 1 9.5500000000000025 2
decision_type=9 10 10 8 9 2 9
left_child=1 -1 -2 4 -4 -3 -5
right_child=2 5 3 6 -6 -7 -8
leaf_value=0.03681109404520147 -0.016792584827394014 -0.0061032858514324497 0.031631218665819229 0.0033594949518109688 -0.01370615590449672 0.021582573619175316 -0.0019162845101222256
leaf_weight=3.0390646051673675 24.299279617989669 411.706490873039 20.232324598997366 877.54076556084328 13.532765599316916 7.8090920271351925 525.00024223999935
leaf_count=1008 7678 40470 4881 55066 3293 93 55863
internal_value=0.000118713 -0.00450435 0.00148756 0.00186432 0.0186603 -0.00533979 0.00139512
internal_weight=1883.16 422.555 1460.61 1436.31 33.7651 419.516 1402.54
internal_count=168352 41571 126781 119103 8174 40563 110929
cat_boundaries=0 2 4 5
cat_threshold=3309369539 2267750 137232944 1319057 8
is_linear=0
shrinkage=0.05


Tree=228
num_leaves=8
num_cat=3
split_feature=16 3 2 16 2 5 16
split_gain=4.51878 5.85365 6.80478 3.93033 3.87073 3.66968 10.4201
threshold=0 11.500000000000002 75.500000000000014 1 38.500000000000007 88500.000000000015 2
decision_type=9 10 8 9 10 2 9
left_child=-1 2 3 -2 -3 6 -6
right_child=1 4 -4 -5 5 -7 -8
leaf_value=-0.0034864610753045362 0.017484876316929257 -0.017138896924706819 -0.032192700859546362 -0.012353978657151321 -0.0015400652518562179 0.00058524133504304844 0.014877556753817965
leaf_weight=714.98207158228615 9.2489963371481263 20.365480544714956 21.855841789103579 7.387467244698203 197.23718770156847 739.43476408414426 175.85534006915987
leaf_count=56702 1908 6899 1791 2228 11528 75225 11640
internal_value=-0.00039583 0.00151417 -0.016489 0.00681333 0.00220894 0.00263821 0.00664547
internal_weight=1886.37 1171.39 38.4923 16.6365 1132.89 1112.53 373.093
internal_count=167921 111219 5927 4136 105292 98393 23168
cat_boundaries=0 2 4 6
cat_threshold=145697414 2507141 1358988320 4184 2957037633 10808
is_linear=0
shrinkage=0.05


Tree=229
num_leaves=8
num_cat=4
split_feature=16 12 16 2 3 16 3
split_gain=5.129 4.6858 6.67693 4.57398 4.1385 8.10288 7.06587
threshold=0 1 2 76.500000000000014 53.500000000000007 3 55.500000000000007
decision_type=9 1 9 10 10 9 10
left_child=3 2 -2 -1 -3 6 -6
right_child=1 4 -4 -5 5 -7 -8
leaf_value=-0.010407804955071639 0.016561166680449661 0.001457981600120986 -0.022647699935902613 -0.00094256502002599402 0.021605189075955419 0.024326018444146665 -0.023649608294946903
leaf_weight=183.65747260779608 5.1123124270234257 1204.6346320042794 25.111283606995134 398.15943874503137 8.4770985680515896 38.793113186315168 20.378592644061428
leaf_count=27660 644 107150 3664 24675 562 2124 1548
internal_value=-8.24e-05 0.00166059 -0.0163341 -0.00392669 0.00216332 0.0137587 -0.00704626
internal_weight=1884.32 1302.51 30.2236 581.817 1272.28 67.6488 28.8557
internal_count=168027 115692 4308 52335 111384 4234 2110
cat_boundaries=0 2 3 5 7
cat_threshold=3357182094 303914 4 109051936 1048704 33645136 21632
is_linear=0
shrinkage=0.05


Tree=230
num_leaves=8
num_cat=2
split_feature=16 0 2 0 3 16 4
split_gain=6.80556 4.74925 6.27263 4.53096 5.22801 5.25003 5.1396
threshold=0 650.50000000000011 64.500000000000014 648.50000000000011 8.5000000000000018 1 29.500000000000004
decision_type=9 10 10 10 10 9 8
left_child=1 -1 -3 6 -5 -6 -2
right_child=3 2 -4 4 5 -7 -8
leaf_value=-0.0095111466770351379 0.0028876631311393216 -0.01677112778773036 0.0026350071201677091 0.021912467576055014 0.0026871686887557714 -0.0059226187777053066 0.01438259405330123
leaf_weight=254.72362587228417 497.91368613578379 44.180254662322113 266.66034350777045 19.718107347580371 355.7154970013944 326.61380793349235 117.1010044561699
leaf_count=6231 11666 15741 31905 3988 44273 52659 1484
internal_value=7.61194e-05 -0.00444266 -0.000345052 0.00204415 -0.000686571 -0.0014943 0.00517467
internal_weight=1882.63 565.564 310.841 1317.06 702.047 682.329 615.015
internal_count=167947 53877 47646 114070 100920 96932 13150
cat_boundaries=0 2 4
cat_threshold=2182122565 3850668 1160602248 273408
is_linear=0
shrinkage=0.05


Tree=231
num_leaves=8
num_cat=3
split_feature=2 16 16 1 6 16 6
split_gain=3.24728 8.48178 3.64662 6.45513 7.43831 4.03622 4.73445
threshold=36.500000000000007 0 1 44.500000000000007 6.2425000000000006 2 6.9945000000000013
decision_type=10 9 9 10 2 9 2
left_child=1 -1 -2 4 -4 6 -6
right_child=2 -3 3 -5 5 -7 -8
leaf_value=0.018158766981117219 -0.0041114998502223216 -0.024793496635451787 0.048722329660409562 0.00051246176003216261 -0.013053596325634423 -0.014387329669462252 0.042654654210437112
leaf_weight=6.2093151790322736 441.38573345006444 21.947395942785082 10.109604634111749 1382.2328065929469 3.0308959565591049 8.5882455056998896 5.706036832096288
leaf_count=1741 39299 7811 3213 112496 779 1619 907
internal_value=-0.000503029 -0.0160124 -0.000224612 0.00102448 0.0230812 0.000558041 0.0148221
internal_weight=1879.21 28.1567 1851.05 1409.67 27.4348 17.3252 8.73693
internal_count=167865 9552 158313 119014 6518 3305 1686
cat_boundaries=0 2 4 6
cat_threshold=1359347744 149516 1747003652 2812424 268697658 1052881
is_linear=0
shrinkage=0.05


Tree=232
num_leaves=8
num_cat=2
split_feature=16 14 0 5 0 8 6
split_gain=5.58212 7.21221 5.48208 8.46569 4.82456 6.57599 4.98728
threshold=0 1 562.50000000000011 90500.000000000015 744.50000000000011 1.5000000000000002 7.9945000000000013
decision_type=9 9 10 2 10 8 2
left_child=1 4 3 -3 -1 6 -6
right_child=-2 2 -4 -5 5 -7 -8
leaf_value=-0.0037361167789845282 -0.0023545172085413374 0.054037046630263978 0.0057386944303907004 -0.0014822242733643937 0.0065239474457505628 -0.0097838649555548537 0.05232497958633843
leaf_weight=361.62343889096519 971.40980777723598 10.074149062857034 482.80206086227554 12.1335758252535 14.388238079613076 14.823314259323523 7.6447517764172508
leaf_count=17934 92760 175 44133 264 4019 7378 1092
internal_value=0.000260877 0.00306257 0.00703617 0.0290052 -0.00192221 0.0141956 0.0291542
internal_weight=1874.9 903.49 505.01 22.2077 398.48 36.8563 22.033
internal_count=167755 74995 44572 439 30423 12489 5111
cat_boundaries=0 2 3
cat_threshold=850264672 4088804 4
is_linear=0
shrinkage=0.05


Tree=233
num_leaves=8
num_cat=4
split_feature=16 6 16 6 16 5 16
split_gain=5.89067 4.73376 8.92372 5.24677 12.6251 8.67916 8.54382
threshold=0 8.3625000000000025 1 6.3775000000000004 2 141500.00000000003 3
decision_type=9 2 9 2 9 2 9
left_child=-1 3 -3 4 -2 6 -5
right_child=1 2 -4 5 -6 -7 -8
leaf_value=0.0041466987456181877 0.0080973125884467832 0.021023277969945912 -0.0012166645028691371 0.0071622547386723003 -0.011313421885816355 -0.01490573367331631 -0.0077243786695035347
leaf_weight=785.19715701643145 236.28356469728169 48.045836721721571 159.87595112193958 150.79043105512392 111.07852933366667 180.72996458091075 216.81097805369063
leaf_count=59936 31019 2074 5158 12966 16894 21161 18619
internal_value=0.000880541 -0.00147557 0.0052257 -0.00306793 0.00172647 -0.00609328 -0.00161879
internal_weight=1888.81 1103.62 207.922 895.693 347.362 548.331 367.601
internal_count=167827 107891 7232 100659 47913 52746 31585
cat_boundaries=0 2 4 6 8
cat_threshold=3357103591 3826354 19136528 294912 92439056 4361 861970432 262465
is_linear=0
shrinkage=0.05


Tree=234
num_leaves=8
num_cat=3
split_feature=16 0 3 16 14 3 3
split_gain=5.43563 5.38917 3.60046 3.57834 2.81199 2.70913 4.0253
threshold=0 758.50000000000011 14.500000000000002 1 2 40.500000000000007 36.500000000000007
decision_type=9 10 10 9 9 10 10
left_child=5 2 3 4 -2 6 -1
right_child=1 -3 -4 -5 -6 -7 -8
leaf_value=0.0025031882204092932 -0.014905012729294701 -0.017278719160445835 -0.00097431389223680124 -0.021077789283536513 0.023636236441916248 -0.00087214155672098431 0.012330858080438697
leaf_weight=474.66817873416585 3.2264072772813961 54.279437776072882 851.57797246813425 26.2151784132584 8.2779384341556561 337.65042057659593 129.96180857223226
leaf_count=45569 256 30658 62134 3162 843 17630 7698
internal_value=1.5711e-05 -0.00264595 -0.0016908 -0.0158592 0.00721488 0.00268057 0.0046994
internal_weight=1885.86 943.577 889.297 37.7195 11.5043 942.28 604.63
internal_count=167950 97053 66395 4261 1099 70897 53267
cat_boundaries=0 2 4 5
cat_threshold=1548248907 2129805 2155905024 1048672 4
is_linear=0
shrinkage=0.05


Tree=235
num_leaves=8
num_cat=3
split_feature=16 6 16 16 6 5 1
split_gain=4.94871 5.82285 8.73265 7.7149 6.90742 6.89957 6.71481
threshold=0 6.3775000000000004 1 2 6.8525000000000009 177500.00000000003 55.500000000000007
decision_type=9 2 9 9 2 2 10
left_child=-1 2 5 4 -3 6 -2
right_child=1 3 -4 -5 -6 -7 -8
leaf_value=-0.0034631709114168355 -0.017288559682068067 -0.017327849072171483 -0.00092573511839114933 0.0056914665329318732 -0.0015667026436034495 0.024414210362019489 0.011281366212365355
leaf_weight=581.16865997042623 20.571275712223724 76.484443733177613 200.02225405702484 327.57377512074891 482.3674469095713 88.503543972154148 106.206785389164
leaf_count=45886 6503 9706 24161 22913 35689 11405 11624
internal_value=0.000320906 0.00202811 0.00689081 -0.00025326 -0.00379107 0.0134413 0.00616547
internal_weight=1882.9 1301.73 415.304 886.426 558.852 215.282 126.778
internal_count=167887 122001 53693 68308 45395 29532 18127
cat_boundaries=0 2 4 6
cat_threshold=4200295686 50496 94376496 131597 92312112 131611
is_linear=0
shrinkage=0.05


Tree=236
num_leaves=8
num_cat=3
split_feature=16 5 5 16 1 16 1
split_gain=7.17285 4.6174 8.6751 9.34797 7.4103 5.80571 6.39118
threshold=0 97500.000000000015 154500.00000000003 1 81.500000000000014 2 88.500000000000014
decision_type=9 2 2 9 10 9 8
left_child=-1 5 -3 -4 -5 -2 -7
right_child=1 2 3 4 -6 6 -8
leaf_value=0.0032542998561756846 -0.0074728164943970781 -0.011052375517158482 -0.015716439726003881 -0.0017102664275628816 0.016770793527448105 0.0089052436661940255 -0.0057457575028265337
leaf_weight=792.99325598220457 137.10175383515889 342.33819227840286 51.631003988528391 132.45474898457178 85.904362796922214 232.39222646059352 104.36175218661083
leaf_count=75925 9871 30731 7343 16753 3368 20527 3127
internal_value=-0.000328083 -0.00294921 -0.00582617 0.000880948 0.00552562 0.000728906 0.0042236
internal_weight=1879.18 1086.18 612.328 269.99 218.359 473.856 336.754
internal_count=167645 91720 58195 27464 20121 33525 23654
cat_boundaries=0 2 4 6
cat_threshold=205275921 1974248 1392648198 32768 3766562950 4
is_linear=0
shrinkage=0.05


Tree=237
num_leaves=8
num_cat=0
split_feature=8 0 0 5 3 3 5
split_gain=3.81098 10.5919 5.51984 6.17956 5.47503 7.86764 5.24699
threshold=1.5000000000000002 710.50000000000011 713.50000000000011 70500.000000000015 31.500000000000004 22.500000000000004 260500.00000000003
decision_type=8 10 10 2 10 8 2
left_child=1 4 -3 -4 5 -1 -2
right_child=6 2 3 -5 -6 -7 -8
leaf_value=-0.0075477899750377806 -0.0034286348723143118 0.04048924729118978 0.023989943700740049 0.003459570939942919 -0.0030505068852088655 0.010736780432407996 0.012340647967447861
leaf_weight=78.958146393182687 802.66759896004805 11.981069490662774 48.571295014640782 122.91472629809869 576.04355923226103 196.55661146447528 51.569408775569173
leaf_count=2973 100237 974 8415 26897 14945 5769 7751
internal_value=5.38744e-05 0.00208951 0.0128153 0.00978946 -0.000282651 0.00545558 -0.00241039
internal_weight=1889.26 1035.03 183.467 171.486 851.558 275.515 854.237
internal_count=167961 59973 36286 35312 23687 8742 107988
is_linear=0
shrinkage=0.05


Tree=238
num_leaves=8
num_cat=1
split_feature=4 0 6 6 6 13 0
split_gain=3.71111 3.55012 6.23469 3.24356 3.69682 10.6373 10.8256
threshold=36.500000000000007 798.50000000000011 6.9945000000000013 5.1650000000000009 5.8775000000000004 0 676.50000000000011
decision_type=8 10 2 2 2 9 8
left_child=1 3 -3 -1 5 6 -5
right_child=-2 2 -4 4 -6 -7 -8
leaf_value=-0.012303118253637037 0.031795048615322646 -0.0082648461255605023 0.053846693344044766 0.029629625638539544 -0.00080184939483943598 -0.0027436726763546372 0.00082506070282974218
leaf_weight=48.152831722167321 4.2572439573705187 5.7629062611667887 3.1749051657679956 66.756498565431684 1510.7162507101602 185.56142475336674 60.344546665786766
leaf_count=11454 175 3487 1222 3050 114193 17988 16270
internal_value=0.00021485 5.9228e-05 0.0252004 -0.000127664 0.000226638 0.00513047 0.0153414
internal_weight=1884.73 1880.47 8.93781 1871.53 1823.38 312.662 127.101
internal_count=167839 167664 4709 162955 151501 37308 19320
cat_boundaries=0 1
cat_threshold=4
is_linear=0
shrinkage=0.05


Tree=239
num_leaves=8
num_cat=4
split_feature=3 15 16 16 0 0 16
split_gain=4.4628 4.166 13.6957 5.43353 5.84144 5.42669 8.27763
threshold=4.5000000000000009 0 1 2 572.50000000000011 707.50000000000011 3
decision_type=8 9 9 9 8 8 9
left_child=-1 3 -3 4 -2 -6 -7
right_child=1 2 -4 -5 5 6 -8
leaf_value=0.035971334234593276 0.017247279446685207 0.0065536379508255365 -0.016901081053196456 0.0030385858858326398 -0.0063526761400078029 -0.010310105417368085 0.013502221623047565
leaf_weight=3.6131501761847167 29.469106128439307 105.77206098168972 121.0316190122976 1018.2601753378985 481.9367848415859 46.142044532840373 81.673331617028452
leaf_count=450 379 11100 17422 89947 17928 13162 17618
internal_value=6.2318e-05 -0.000101554 -0.00623475 0.000786687 -0.00278794 -0.00393399 0.00508167
internal_weight=1887.9 1884.29 226.804 1657.48 639.221 609.752 127.815
internal_count=168006 167556 28522 139034 49087 48708 30780
cat_boundaries=0 1 3 5 7
cat_threshold=20 2312705071 2128803 1364793423 1061804 1091571721 8992
is_linear=0
shrinkage=0.05


Tree=240
num_leaves=8
num_cat=2
split_feature=15 4 2 2 14 8 0
split_gain=3.32604 4.06057 2.69146 2.9844 2.91127 5.55179 6.90521
threshold=0 36.500000000000007 38.500000000000007 24.500000000000004 1 1.5000000000000002 706.50000000000011
decision_type=9 8 10 8 9 8 8
left_child=1 2 3 -1 5 6 -4
right_child=-2 -3 4 -5 -6 -7 -8
leaf_value=0.011725668061686881 -0.005228076443471368 0.034676828483403969 -0.0012997879917823496 -0.01997317916692215 0.002849052008220004 -0.0069450247309484452 0.01463733578374901
leaf_weight=6.2608421375625793 225.94884085966623 3.938614551909267 284.52060137025546 24.284804088325473 996.60327713697916 263.86403812546632 84.021497752110008
leaf_count=2139 28630 140 5974 7455 84283 28531 10762
internal_value=0.000269456 0.00105462 0.000877234 -0.0127405 0.00117079 -0.00147558 0.0024809
internal_weight=1889.44 1663.49 1659.56 30.5456 1629.01 632.406 368.542
internal_count=167914 139284 139144 9594 129550 45267 16736
cat_boundaries=0 1 2
cat_threshold=20 4
is_linear=0
shrinkage=0.05


Tree=241
num_leaves=8
num_cat=2
split_feature=16 6 16 3 0 0 0
split_gain=7.18504 4.61807 5.1809 5.03483 8.21997 4.79217 5.89436
threshold=0 7.3725000000000014 1 22.500000000000004 661.50000000000011 749.50000000000011 771.50000000000011
decision_type=9 2 9 10 10 8 10
left_child=1 -1 3 -3 -5 -4 -7
right_child=-2 2 5 4 -6 6 -8
leaf_value=-0.0067596777082387892 0.0025131573422787763 0.035667549501981692 -0.0050514474381430753 -0.0074538358326884093 0.022868064354862244 0.030325371047547831 -0.015667511479064793
leaf_weight=506.88825469848234 1000.7613028777123 12.015484623203518 261.28810965426965 49.66275905224029 33.2291765291302 16.453016972460322 6.5950236746575674
leaf_count=61843 83314 1022 12420 849 3166 2941 2641
internal_value=-0.000375278 -0.00362073 0.000513856 0.00976896 0.00531084 -0.00292726 0.0167179
internal_weight=1886.89 886.132 379.244 94.9074 82.8919 284.336 23.048
internal_count=168196 84882 23039 5037 4015 18002 5582
cat_boundaries=0 2 4
cat_threshold=572861076 1761875 35717120 1097730
is_linear=0
shrinkage=0.05


Tree=242
num_leaves=8
num_cat=3
split_feature=16 1 16 5 0 0 16
split_gain=7.22145 6.6288 7.65461 6.46132 5.48713 4.48359 6.62051
threshold=0 52.500000000000007 1 40500.000000000007 686.50000000000011 591.50000000000011 2
decision_type=9 10 9 2 10 10 9
left_child=-1 2 3 4 -2 6 -3
right_child=1 5 -4 -5 -6 -7 -8
leaf_value=-0.0060357680193439131 -0.0050314480617841047 -0.0084850561077172964 -0.023470530079254943 -0.0044890234233493235 0.06344434959222138 0.00081474803087792664 0.015352544577264976
leaf_weight=492.07375843735645 3.6934668810572466 30.806512399576604 42.145744149398524 36.026409863639856 2.4814372662804089 1174.2039525010914 104.06139425514266
leaf_count=40992 182 549 13493 8801 735 101458 1834
internal_value=-0.00092838 0.000926914 -0.0122499 0.00431364 0.0385609 0.00182637 0.0102899
internal_weight=1885.49 1393.42 84.3471 42.2013 6.1749 1309.07 134.868
internal_count=168044 127052 23211 9718 917 103841 2383
cat_boundaries=0 2 4 6
cat_threshold=2153988385 1706194 2030600906 2383877 67665920 312069
is_linear=0
shrinkage=0.05


Tree=243
num_leaves=8
num_cat=2
split_feature=4 16 0 6 16 5 5
split_gain=4.74024 4.86059 5.70768 5.52748 10.2307 10.5661 13.9065
threshold=36.500000000000007 0 526.50000000000011 6.9945000000000013 1 165500.00000000003 172500.00000000003
decision_type=8 9 8 2 9 2 2
left_child=1 -1 -3 4 5 -4 -7
right_child=-2 2 3 -5 -6 6 -8
leaf_value=-0.00340576389720825 0.03534784125597646 0.030724622704929139 -0.0025999438688875543 0.0045272449525325118 -0.010299335841419639 0.063490954314167444 0.0089310969190340359
leaf_weight=693.76559636375168 4.4657854570541522 11.861666592769323 219.62845974508673 640.23739468061831 217.28258977865335 8.9477895169111417 88.194764999585459
leaf_count=60248 172 171 25050 40459 30438 950 10178
internal_value=5.36868e-05 -0.000123698 0.00181553 0.00140988 -0.00233462 0.00341762 0.0168186
internal_weight=1884.38 1879.92 1186.15 1174.29 534.054 316.771 97.1426
internal_count=167666 167494 107246 107075 66616 36178 11128
cat_boundaries=0 2 4
cat_threshold=1351121188 3441561 2234745408 665606
is_linear=0
shrinkage=0.05


Tree=244
num_leaves=8
num_cat=1
split_feature=5 5 0 3 12 5 0
split_gain=2.57646 4.47382 4.21786 7.57347 8.95849 6.72479 7.2137
threshold=151500.00000000003 148500.00000000003 688.50000000000011 33.500000000000007 0 72500.000000000015 733.50000000000011
decision_type=2 2 10 10 1 2 10
left_child=1 2 -1 4 -4 6 -6
right_child=-2 -3 3 -5 5 -7 -8
leaf_value=-0.0018243810339879556 0.003541243936844836 -0.019049066363327889 0.026868633165767472 0.011085180598293796 -0.010209722410923862 -0.015114279345300567 0.023071178612054641
leaf_weight=953.39931003400125 542.57167983418913 26.830550885788398 16.854095601593144 194.14752917826991 29.522850329871289 95.64307545722113 26.376093617058359
leaf_count=29461 58927 3249 2459 28550 3780 31312 10201
internal_value=0.000650305 -0.000526635 -7.83095e-05 0.00447578 -0.00324427 -0.00734456 0.00609887
internal_weight=1885.35 1342.77 1315.94 362.544 168.396 151.542 55.8989
internal_count=167939 109012 105763 76302 47752 45293 13981
cat_boundaries=0 1
cat_threshold=1
is_linear=0
shrinkage=0.05


Tree=245
num_leaves=8
num_cat=3
split_feature=3 16 6 12 16 3 3
split_gain=4.45708 3.88962 4.53603 7.49163 6.70594 6.59365 5.40849
threshold=4.5000000000000009 0 6.9945000000000013 1 2 41.500000000000007 38.500000000000007
decision_type=8 9 2 1 9 8 8
left_child=-1 2 4 6 5 -2 -4
right_child=1 -3 3 -5 -6 -7 -8
leaf_value=0.036048262284840878 0.020579464346547342 -0.00088721057250165452 0.0057739795977276472 -0.018015531566260859 -0.014217503313462341 -0.01210205461774712 0.027187310825580926
leaf_weight=3.6085816972772582 39.990183105779579 1650.3927130765514 66.389259607472923 14.318061061087063 43.439389512292109 19.466662576654926 53.616590886726044
leaf_count=456 4107 150902 3740 841 4657 1251 1985
internal_value=0.000152666 -1.10095e-05 0.00577558 0.0118989 -0.00186369 0.00845828 0.0160459
internal_weight=1891.22 1887.61 237.22 134.324 102.896 59.4568 120.006
internal_count=167939 167483 16581 6566 10015 5358 5725
cat_boundaries=0 2 3 5
cat_threshold=4718797 1378 2 524364 258
is_linear=0
shrinkage=0.05


Tree=246
num_leaves=8
num_cat=3
split_feature=16 5 16 16 3 5 6
split_gain=4.601 4.17567 9.84372 6.11699 5.78198 5.07618 6.37715
threshold=0 127500.00000000001 1 2 57.500000000000007 260500.00000000003 6.1025000000000009
decision_type=9 2 9 9 8 2 2
left_child=-1 3 4 -2 -3 -4 -7
right_child=1 2 5 -5 -6 6 -8
leaf_value=0.0025134575318175993 -0.010540298340896769 0.010196832095850546 -0.0089761085686394636 -0.00071914288608215457 -0.020147048562777586 0.028169895129684278 -0.011307073868019825
leaf_weight=752.66490523939137 274.99516553271678 227.06637902415241 212.30365451361286 368.53401504125213 12.256766715348929 17.710228768642992 14.800940556597196
leaf_count=69571 19103 18180 25869 29404 905 2671 2070
internal_value=-0.000487435 -0.00249283 0.000989459 -0.00513848 0.00793742 -0.00590685 0.0110861
internal_weight=1880.33 1127.67 484.138 643.529 239.323 244.815 32.5112
internal_count=167773 98202 49695 48507 19085 30610 4741
cat_boundaries=0 2 4 6
cat_threshold=1811169408 4110930 2214692354 16428 2214659586 44
is_linear=0
shrinkage=0.05


Tree=247
num_leaves=8
num_cat=2
split_feature=16 0 5 16 0 2 3
split_gain=4.33549 5.32268 5.93072 11.8013 6.01149 5.69249 5.25428
threshold=0 660.50000000000011 64500.000000000007 1 722.50000000000011 79.500000000000014 17.500000000000004
decision_type=9 10 2 9 10 10 10
left_child=-1 6 3 4 5 -3 -2
right_child=1 2 -4 -5 -6 -7 -8
leaf_value=0.0011881189816218688 -0.01810747622274135 -0.017620135529359676 -0.01018873256360928 -0.011305666226393563 0.058822792596558461 0.028869845143820183 0.001478944233900447
leaf_weight=988.80183582822792 32.045171179575846 7.1103065853240031 356.38720272175851 38.225968348502647 8.2806374840729386 10.431173351244068 447.30831739900168
leaf_count=75777 1117 679 69726 5801 2185 377 12385
internal_value=-0.0010983 -0.00357719 -0.00768746 0.00596048 0.0248227 0.010297 -3.83145e-06
internal_weight=1888.59 899.789 420.435 64.0481 25.8221 17.5415 479.353
internal_count=168047 92270 78768 9042 3241 1056 13502
cat_boundaries=0 2 4
cat_threshold=3498677673 2112062 791814208 1327105
is_linear=0
shrinkage=0.05


Tree=248
num_leaves=8
num_cat=3
split_feature=16 2 7 2 14 16 5
split_gain=5.37677 4.90737 4.43593 3.92203 3.56157 6.91236 7.08205
threshold=0 36.500000000000007 1.5000000000000002 24.500000000000004 1 2 171500.00000000003
decision_type=9 10 10 8 9 9 2
left_child=2 3 -1 -2 5 6 -3
right_child=1 4 -4 -5 -6 -7 -8
leaf_value=-0.0050740091114988249 0.010474718125789935 0.031158340977714763 0.022465141256697657 -0.029457291375134306 0.0045964556335531181 -0.0021300297148204505 -0.0080950569474705827
leaf_weight=449.48701950933901 5.679357801302106 30.230098148836987 10.23304477491183 16.331391892395914 797.88458915633964 562.68100492542726 14.482127924042286
leaf_count=34185 2122 2488 554 5873 76638 44559 1533
internal_value=0.000486038 0.00199922 -0.00413688 -0.0191221 0.00241084 -0.000474328 0.0157422
internal_weight=1887.01 1427.29 459.72 22.0107 1405.28 607.393 44.7122
internal_count=167952 133213 34739 7995 125218 48580 4021
cat_boundaries=0 2 3 5
cat_threshold=2550802432 1494066 4 540033153 320
is_linear=0
shrinkage=0.05


Tree=249
num_leaves=8
num_cat=3
split_feature=16 0 6 1 1 16 16
split_gain=3.90139 4.03896 4.50639 5.13966 6.5683 5.82102 4.76191
threshold=0 639.50000000000011 8.8875000000000011 81.500000000000014 83.500000000000014 1 2
decision_type=9 10 2 10 10 9 9
left_child=1 -1 3 6 -5 -6 -3
right_child=-2 2 -4 4 5 -7 -8
leaf_value=0.0085019011688141546 -0.0013830229747744268 0.0057467510018353093 0.026196210414931344 0.047761985364956225 -0.0068148175225072553 0.011665293869087684 -0.0090026745851092098
leaf_weight=239.51960473065265 1227.2568318947742 66.58655897830613 11.221232783980666 4.1143821379519059 64.968488285609055 80.424579664715566 179.09226202292484
leaf_count=5399 101595 8508 333 321 2911 5372 43189
internal_value=0.000271944 0.00337228 0.000364478 -0.000687144 0.00649487 0.003778 -0.00510012
internal_weight=1873.18 645.927 406.408 395.186 149.507 145.393 245.679
internal_count=167628 66033 60634 60301 8604 8283 51697
cat_boundaries=0 2 4 6
cat_threshold=73081017 4103746 4923392 3804160 67764257 3145792
is_linear=0
shrinkage=0.05


Tree=250
num_leaves=8
num_cat=1
split_feature=4 16 7 6 6 1 6
split_gain=4.25157 4.17225 8.63231 4.5346 4.20547 5.83362 3.32439
threshold=36.500000000000007 0 1.5000000000000002 5.4925000000000006 5.1325000000000012 76.500000000000014 7.8755000000000015
decision_type=8 9 10 2 2 10 2
left_child=1 2 3 4 5 -1 -5
right_child=-2 -3 -4 6 -6 -7 -8
leaf_value=0.021637569635394385 0.033424002623881018 0.0018233521305467037 0.029995863159216499 -0.00054330158274537783 -0.031479627578604195 -0.024278022942724145 -0.0084232283183897309
leaf_weight=9.5610431913519296 4.5742818481521672 1181.4581609174202 14.285285270540042 457.76923416848877 22.594535869313404 8.1787650736514461 184.60463782888837
leaf_count=2701 161 119019 719 35128 3111 943 6315
internal_value=0.000189612 2.01664e-05 -0.00301068 -0.00395816 -0.0192692 -0.000214988 -0.00285539
internal_weight=1883.03 1878.45 696.994 682.708 40.3343 17.7398 642.374
internal_count=168097 167936 48917 48198 6755 3644 41443
cat_boundaries=0 2
cat_threshold=2552978759 2102450
is_linear=0
shrinkage=0.05


Tree=251
num_leaves=8
num_cat=3
split_feature=16 6 16 6 16 5 0
split_gain=6.20592 4.42479 11.0723 8.15011 7.80384 9.76313 6.46293
threshold=0 6.3775000000000004 1 6.745000000000001 2 180500.00000000003 695.50000000000011
decision_type=9 2 9 2 9 2 10
left_child=1 2 -1 -3 -5 6 -6
right_child=-2 3 -4 4 5 -7 -8
leaf_value=-0.0078085856237901921 -0.0029604488741402386 -0.016849792780388777 0.012700281983497262 -0.0027282043296961247 0.0071513879049404511 -0.017592766513616933 0.02648423038933059
leaf_weight=80.14336621761322 879.02550295114634 56.673539643466938 236.23594783010776 357.53746832095203 199.82240347506013 27.698458058293909 52.672393699642271
leaf_count=11290 83619 6087 25957 24078 5301 2379 9316
internal_value=8.57542e-05 0.00273859 0.00761665 0.000516686 0.00217908 0.00818758 0.0116203
internal_weight=1889.81 1010.78 316.379 694.404 637.731 280.193 252.495
internal_count=168027 84408 37247 47161 41074 16996 14617
cat_boundaries=0 2 4 6
cat_threshold=1055008557 1311391 973087781 262144 79824680 521
is_linear=0
shrinkage=0.05


Tree=252
num_leaves=8
num_cat=2
split_feature=16 11 6 6 0 3 3
split_gain=6.09898 5.33738 3.96788 5.0941 5.03174 4.3146 3.86539
threshold=0 1 8.6125000000000025 7.0025000000000004 724.50000000000011 54.500000000000007 40.500000000000007
decision_type=9 9 2 2 10 10 10
left_child=1 6 3 4 5 -3 -1
right_child=-2 2 -4 -5 -6 -7 -8
leaf_value=-0.0032602527872407634 0.00068940707922727368 -0.0033363156073687736 0.0065472579182836096 -0.020253397754455775 -0.023458172748888277 0.029239491910496063 0.028110565031747976
leaf_weight=20.518237287091324 1580.9132273629657 106.65610669506714 30.629761280491948 96.962194741790881 24.950252095673932 6.1834131560754022 12.361382949573452
leaf_count=1726 135059 8424 804 8281 12609 344 602
internal_value=-0.00057045 -0.00694328 -0.00954171 -0.0117337 -0.00523918 -0.000386311 0.0106876
internal_weight=1879.17 298.261 265.382 234.752 137.79 112.84 32.8796
internal_count=167849 32790 30462 29658 21377 8768 2328
cat_boundaries=0 2 3
cat_threshold=3859968256 2801762 4
is_linear=0
shrinkage=0.05


Tree=253
num_leaves=8
num_cat=3
split_feature=16 5 5 2 16 16 5
split_gain=6.35022 5.97429 5.37552 5.14371 5.87329 4.39404 4.05031
threshold=0 81500.000000000015 62500.000000000007 92.500000000000014 1 2 196500.00000000003
decision_type=9 2 2 10 9 9 2
left_child=1 2 -1 -3 -5 -4 -6
right_child=-2 3 5 4 6 -7 -8
leaf_value=0.0035945125816236679 -0.0015865612429478747 -0.0017813115496484186 -0.0027193344118774288 -0.0064362330754544608 0.012366477175124563 0.023405563718050835 0.043546646610868524
leaf_weight=115.73408292382373 1226.0296526122547 346.25203560624504 23.664811089489376 32.620603554416448 59.915644074499141 77.043407531251432 10.08670996816363
leaf_count=7490 111555 37703 1829 1574 2437 5189 492
internal_value=0.000549352 0.00442548 0.0112136 0.00116236 0.0107157 0.0193853 0.0171731
internal_weight=1891.35 665.317 216.442 448.875 102.623 100.708 70.0024
internal_count=168269 56714 14508 42206 4503 7018 2929
cat_boundaries=0 2 4 6
cat_threshold=2700099744 2686000 14680096 2064 2147483648 532480
is_linear=0
shrinkage=0.05


Tree=254
num_leaves=8
num_cat=2
split_feature=16 3 1 2 2 16 2
split_gain=6.18119 6.03699 4.98373 4.67189 4.64649 8.16209 7.2222
threshold=0 55.500000000000007 95.500000000000014 57.500000000000007 89.500000000000014 1 79.500000000000014
decision_type=9 8 10 8 8 9 10
left_child=1 2 4 -3 6 -6 -1
right_child=-2 3 -4 -5 5 -7 -8
leaf_value=-0.00094049942892364044 -0.0024347264010374445 0.048470863043105154 0.025383059859884691 0.01043339708883714 -0.014487755753563095 0.004106224515079024 0.011292772070444733
leaf_weight=291.890054823627 1103.107598632836 6.5425636872532769 17.434254812658764 42.361618977680337 93.866525597462896 120.76805808756035 199.82068367186002
leaf_count=43661 93438 1067 733 2817 4225 6062 15761
internal_value=-4.52919e-05 0.00334792 0.00217278 0.0195462 0.00142551 -0.00464288 0.00409447
internal_weight=1875.79 772.684 723.78 48.9042 706.345 214.635 491.711
internal_count=167764 74326 70442 3884 69709 10287 59422
cat_boundaries=0 2 4
cat_threshold=3496878393 2114549 2152202272 2097361
is_linear=0
shrinkage=0.05


Tree=255
num_leaves=8
num_cat=3
split_feature=16 6 5 16 14 5 6
split_gain=7.68156 4.44736 4.86515 5.16634 4.67818 7.73335 6.18556
threshold=0 6.745000000000001 94500.000000000015 1 2 61500.000000000007 6.3525000000000009
decision_type=9 2 2 9 9 2 2
left_child=1 2 3 4 5 -1 -7
right_child=-2 -3 -4 -5 -6 6 -8
leaf_value=-0.012694715819330972 0.0013446435192159671 -0.0023569289140399131 -0.016707306342851645 -0.015460676055099366 -0.0013749238011429819 0.065235357244536676 -0.0066232873024320684
leaf_weight=5.3334531940054157 1275.4408502073202 395.96407446332159 136.87159193196567 21.650875516847009 34.514159350801492 6.5991388739785162 2.8907828704686835
leaf_count=409 117525 24650 17828 3099 3719 629 250
internal_value=-0.000863944 -0.00543463 -0.0113598 -0.000628326 0.0080653 0.0289169 0.0486139
internal_weight=1879.26 603.824 207.86 70.9884 49.3375 14.8234 9.48992
internal_count=168109 50584 25934 8106 5007 1288 879
cat_boundaries=0 2 4 5
cat_threshold=4144003232 2370130 1157627936 2367506 1
is_linear=0
shrinkage=0.05


Tree=256
num_leaves=8
num_cat=0
split_feature=4 3 0 3 0 5 0
split_gain=4.86636 4.47718 3.69446 4.51021 4.17167 3.97134 3.94678
threshold=41.000000000000007 4.5000000000000009 781.50000000000011 36.500000000000007 795.50000000000011 72500.000000000015 709.50000000000011
decision_type=8 8 10 8 10 2 8
left_child=1 -1 6 4 -4 -6 -3
right_child=-2 2 3 -5 5 -7 -8
leaf_value=0.035661717847660097 0.04077977140701286 -0.0011598653675291991 -0.038124323161283724 0.0068297950136850015 0.026988778988585496 -0.019757681630014078 0.0048103085020865253
leaf_weight=3.6454755181621286 2.2587702251039437 1504.6451199954026 15.848754210892368 13.412505198473808 3.4292074966360797 4.9005251990020042 333.98913295179955
leaf_count=458 45 63188 10705 5460 1509 3501 83054
internal_value=-8.11962e-05 -0.000238339 -0.00040269 -0.0149611 -0.0261481 0.00239184 -6.52748e-05
internal_weight=1882.13 1879.87 1876.23 37.591 24.1785 8.32973 1838.63
internal_count=167920 167875 167417 21175 15715 5010 146242
is_linear=0
shrinkage=0.05


Tree=257
num_leaves=8
num_cat=3
split_feature=16 3 0 1 16 6 16
split_gain=2.81985 5.05425 4.76552 6.12353 7.91698 6.40038 5.46363
threshold=0 4.5000000000000009 664.50000000000011 76.500000000000014 1 6.4050000000000011 2
decision_type=9 8 8 10 9 2 9
left_child=2 -2 -1 4 5 -4 -5
right_child=1 -3 3 6 -6 -7 -8
leaf_value=-0.0055718799006843605 0.042848563376482622 0.0015001266190477263 0.025830462459804422 0.013133485555315294 -0.015698946228458233 -0.0081479190897491855 -0.0020952430367788591
leaf_weight=440.04452799109276 2.4499597439425989 1095.7015930796915 23.791783727210714 126.90782247768948 71.256183351506479 23.196076655498473 100.39195259154076
leaf_count=10462 272 105671 5508 11306 18790 4518 11363
internal_value=0.000144266 0.00177012 -0.00212085 0.00223026 -0.00681709 0.00829139 0.00698223
internal_weight=1883.74 1098.15 785.588 345.544 118.244 46.9879 227.3
internal_count=167890 105943 61947 51485 28816 10026 22669
cat_boundaries=0 2 4 6
cat_threshold=48835788 3175177 2621504 2105608 34153480 1069057
is_linear=0
shrinkage=0.05


Tree=258
num_leaves=8
num_cat=3
split_feature=16 0 1 16 16 1 0
split_gain=8.8101 4.64241 9.5982 8.64843 6.9529 6.4317 7.98334
threshold=0 709.50000000000011 75.500000000000014 1 2 77.500000000000014 631.50000000000011
decision_type=9 10 10 9 9 8 10
left_child=1 5 4 -4 -3 6 -1
right_child=-2 2 3 -5 -6 -7 -8
leaf_value=0.020797291825173442 -0.0030662134084681711 0.017169528302874156 0.030000529486178363 -0.004782391756907309 -0.013808107408578976 -0.0014067417686653664 0.00038736262937551154
leaf_weight=82.24716091202572 1129.196088248922 13.231056855438508 56.313749921275303 25.663497794419527 38.463725278255879 422.39338593592402 106.69963636272587
leaf_count=1770 113482 4404 8987 5478 14141 11930 7650
internal_value=-0.000298182 0.00387889 0.0121976 0.022362 -0.00447164 0.00203871 0.00957878
internal_weight=1874.21 745.012 133.672 81.9772 51.6948 611.34 188.947
internal_count=167842 54360 33010 14465 18545 21350 9420
cat_boundaries=0 2 4 6
cat_threshold=2253145927 1705110 2248672768 1049622 71303238 1048708
is_linear=0
shrinkage=0.05


Tree=259
num_leaves=8
num_cat=1
split_feature=16 5 3 3 3 0 0
split_gain=4.49288 7.17761 5.81916 4.09135 3.77666 9.38112 6.55365
threshold=0 88500.000000000015 22.500000000000004 13.500000000000002 33.500000000000007 660.50000000000011 675.50000000000011
decision_type=9 2 10 10 10 8 8
left_child=1 3 -3 -1 6 -6 -5
right_child=-2 2 -4 4 5 -7 -8
leaf_value=-0.013271753059572761 -0.0015095879308706568 -0.017605467137564567 0.0018933096405800674 0.03115122373196887 -0.0083168422798859092 0.020811993587316734 0.0029189283822918717
leaf_weight=11.831673551234415 1306.2439396376139 38.144403136800975 333.33345919748535 51.61463696276769 51.93957884889096 49.543712297134334 34.03852277052647
leaf_count=1626 112651 8610 31160 1565 1032 4520 6763
internal_value=0.00010748 0.00375232 -0.000316107 0.0113537 0.0132155 0.00621324 0.0207115
internal_weight=1876.69 570.446 371.478 198.968 187.136 101.483 85.6532
internal_count=167927 55276 39770 15506 13880 5552 8328
cat_boundaries=0 2
cat_threshold=125228292 1624642
is_linear=0
shrinkage=0.05


Tree=260
num_leaves=8
num_cat=3
split_feature=16 3 6 16 0 5 16
split_gain=3.99413 4.75811 4.89371 6.32642 5.20547 4.42044 7.08335
threshold=0 16.500000000000004 6.2545000000000011 1 689.50000000000011 150500.00000000003 2
decision_type=9 10 2 9 8 2 9
left_child=1 2 4 -4 -1 -2 -7
right_child=5 -3 3 -5 -6 6 -8
leaf_value=0.054094672829087857 -0.0038646528150757149 0.001728980409915472 0.021225761245969366 -0.010464073617643021 0.00044917880189340297 0.0069973526645104624 -0.0089456694254010458
leaf_weight=8.7569387770490685 795.04078385814501 706.25531473432784 13.129329865594626 22.783661403664155 6.8620213777176113 250.52827254706062 80.942000415234361
leaf_count=522 64462 58738 1257 2800 3373 28223 8784
internal_value=4.69999e-05 0.00282218 0.0168259 0.00492986 0.0363503 -0.00183279 0.00297123
internal_weight=1884.3 757.787 51.532 35.913 15.619 1126.51 331.47
internal_count=168159 66690 7952 4057 3895 101469 37007
cat_boundaries=0 2 4 6
cat_threshold=4236279872 457669 1484783616 20480 7554712 58
is_linear=0
shrinkage=0.05


Tree=261
num_leaves=8
num_cat=2
split_feature=14 12 3 6 2 6 6
split_gain=4.39038 6.61083 6.37839 6.40799 6.23648 5.51656 4.78
threshold=0 1 35.500000000000007 8.0550000000000015 94.500000000000014 7.3725000000000014 8.0150000000000023
decision_type=9 1 10 2 10 2 2
left_child=-1 4 3 -3 5 -2 -7
right_child=1 2 -4 -5 -6 6 -8
leaf_value=-0.0018814317395368038 -0.0014123016024734953 0.042878641676985935 0.00043644853811748241 -0.0032776795964251505 0.019770644322517517 0.012819740096534311 0.00066596922624103088
leaf_weight=782.12586139838095 674.33302602576441 24.437965354212793 29.23108628494083 9.195958474185316 42.189630738226697 151.06824322999455 169.1705919719243
leaf_count=63100 82676 3111 2304 467 1325 9393 5561
internal_value=0.000975242 0.00300641 0.0181341 0.0314679 0.0020065 0.00115782 0.00650828
internal_weight=1881.75 1099.63 62.865 33.6339 1036.76 994.572 320.239
internal_count=167937 104837 5882 3578 98955 97630 14954
cat_boundaries=0 1 2
cat_threshold=4 2
is_linear=0
shrinkage=0.05


Tree=262
num_leaves=8
num_cat=2
split_feature=16 6 3 5 16 8 6
split_gain=7.1733 6.2525 8.58571 6.9396 5.60148 5.28296 5.56113
threshold=0 7.910000000000001 58.500000000000007 111500.00000000001 1 1.5000000000000002 8.740000000000002
decision_type=9 2 10 2 9 8 2
left_child=1 2 -1 -4 -3 6 -6
right_child=-2 4 3 -5 5 -7 -8
leaf_value=-0.0005407582772394777 -0.0027421950997408209 0.0014326515184385285 -0.010436484580095585 0.049695843915442739 0.038889436883459076 0.0061569477165357633 0.0046235065033073701
leaf_weight=525.88770048640436 1127.6251710754004 106.70405403818586 4.8182558346888973 10.322632301715201 39.251002824224997 46.377705436141696 18.198278296506032
leaf_count=69274 86451 5731 333 876 1701 3274 326
internal_value=-0.000234869 0.00351018 0.000681139 0.0327197 0.0107587 0.0180471 0.0292742
internal_weight=1879.18 751.56 541.029 15.1409 210.531 103.827 57.4493
internal_count=167966 81515 70483 1209 11032 5301 2027
cat_boundaries=0 2 4
cat_threshold=4166287609 298825 806649928 9
is_linear=0
shrinkage=0.05


Tree=263
num_leaves=8
num_cat=2
split_feature=16 0 0 16 0 6 0
split_gain=4.10577 4.04695 5.53332 4.1944 4.00745 3.40923 3.38974
threshold=0 727.50000000000011 764.50000000000011 1 587.50000000000011 9.1275000000000031 792.50000000000011
decision_type=9 8 10 9 10 2 10
left_child=1 4 3 -3 -1 -6 -2
right_child=6 2 -4 -5 5 -7 -8
leaf_value=0.0093315829884399286 0.00081932157327589651 -0.0083067235581373629 -0.013068246248258752 0.021606119579083798 -0.0090219818062773592 0.013092409799017771 0.022766768891962705
leaf_weight=32.851188883185387 1418.7334576137655 11.133297836728159 19.237062039523153 31.430034789576894 334.52408299589297 14.081439978443084 12.825780332539578
leaf_count=416 125320 2632 9239 6592 16399 131 7183
internal_value=-0.000222607 -0.00434427 0.00702623 0.0165272 -0.0063659 -0.00795621 0.00108695
internal_weight=1874.82 443.257 61.8004 42.5633 381.457 348.606 1431.56
internal_count=167912 35409 18463 9224 16946 16530 132503
cat_boundaries=0 2 4
cat_threshold=2202536384 1582660 33554816 1600
is_linear=0
shrinkage=0.05


Tree=264
num_leaves=8
num_cat=1
split_feature=14 4 1 6 5 3 6
split_gain=2.87543 9.41932 8.27072 4.64218 5.52631 4.57955 4.58157
threshold=0 25.500000000000004 88.500000000000014 7.4945000000000013 45500.000000000007 12.500000000000002 6.3775000000000004
decision_type=9 8 8 2 2 10 2
left_child=5 2 3 -2 -5 -1 -7
right_child=1 -3 -4 4 -6 6 -8
leaf_value=-0.019827944031084673 0.00093665101363081191 0.023184716354959656 -0.010520837613154581 -0.0099751996988865724 0.011266367664188873 0.0067942394680573382 -0.0025664766512513604
leaf_weight=26.978358751599444 657.45597089138755 48.278951951302588 119.05817186535569 31.094348969461862 238.83067079709144 162.77997319938731 587.05964131024666
leaf_count=3349 85463 1307 4110 1349 12329 16362 43388
internal_value=0.00102527 0.00267122 0.00161905 0.00322564 0.0086825 -0.00129651 -0.000502848
internal_weight=1871.54 1094.72 1046.44 927.381 269.925 776.818 749.84
internal_count=167657 104558 103251 99141 13678 63099 59750
cat_boundaries=0 1
cat_threshold=4
is_linear=0
shrinkage=0.05


Tree=265
num_leaves=8
num_cat=3
split_feature=16 6 6 16 16 5 5
split_gain=6.00461 4.62342 4.97403 14.3204 8.73884 6.88223 20.5765
threshold=0 5.1650000000000009 6.3775000000000004 1 2 86500.000000000015 83500.000000000015
decision_type=9 2 2 9 9 2 2
left_child=1 -1 3 -3 -4 6 -6
right_child=-2 2 4 -5 5 -7 -8
leaf_value=-0.018970525060080012 -0.0035262597366023775 -0.012461766393254935 0.0089608905810917364 0.014572682731086473 -0.0016891819130687728 -0.0091170899646265246 0.064301166694596665
leaf_weight=20.101066905655898 1075.0905641511636 53.216353455209173 171.21733881773253 192.16609271464404 107.73237216525013 243.88085783290444 8.2364546840253734
leaf_count=5682 86448 8005 13891 22642 6906 23699 530
internal_value=-0.0011142 0.00216005 0.00285261 0.00866223 0.000112482 -0.00429072 0.00546169
internal_weight=1871.64 796.551 776.449 245.382 531.067 359.85 115.969
internal_count=167803 81355 75673 30647 45026 31135 7436
cat_boundaries=0 2 4 6
cat_threshold=3922412976 3834441 1749106816 557120 1749106848 2654272
is_linear=0
shrinkage=0.05


Tree=266
num_leaves=8
num_cat=0
split_feature=2 1 6 5 0 3 3
split_gain=3.80071 3.38217 6.18285 6.74399 5.83537 3.52377 3.16917
threshold=36.500000000000007 44.500000000000007 6.1025000000000009 50500.000000000007 647.50000000000011 34.500000000000007 55.500000000000007
decision_type=10 10 2 2 10 8 10
left_child=6 2 4 5 -2 -4 -1
right_child=1 -3 3 -5 -6 -7 -8
leaf_value=-0.021051936105091772 -0.0092325361104310926 0.001065243396981382 0.042914312913635809 -0.01972676359723493 0.052792344707961895 -0.007998548360644021 0.020338346286444119
leaf_weight=25.418288466142261 3.3954163803718975 1824.560046843806 4.5784821580164161 14.420318221440537 9.0720215192413871 3.187290946720168 1.3815533191082057
leaf_count=9260 165 150286 574 3633 3642 272 270
internal_value=0.00109264 0.00138223 0.0158334 -0.00138058 0.0380928 0.0270698 -0.0160559
internal_weight=1886.01 1859.21 34.6535 22.1861 12.4674 7.76577 26.7998
internal_count=168102 158572 8286 4479 3807 846 9530
is_linear=0
shrinkage=0.05


Tree=267
num_leaves=8
num_cat=3
split_feature=16 0 16 16 5 0 5
split_gain=6.46069 5.38954 8.89724 7.09081 5.83602 4.10684 4.0779
threshold=0 662.50000000000011 1 2 50500.000000000007 654.50000000000011 187500.00000000003
decision_type=9 10 9 9 2 10 2
left_child=-1 3 -3 5 -4 -2 -5
right_child=1 2 4 6 -6 -7 -8
leaf_value=0.0031777482504914282 0.0042274372420379701 0.0086212379968385964 0.018757780219838024 -0.013706812659540914 -0.009524205198603487 -0.019508137958676203 0.0024203713305402785
leaf_weight=1037.4889076679247 166.54176989360712 200.68758704396896 15.822626032400875 243.99067488464061 160.95294710903545 15.423479236895217 44.90047687641345
leaf_count=97997 3748 27497 2212 5675 28942 757 1309
internal_value=0.000554642 -0.0026593 0.00175052 -0.00623157 -0.00620508 0.00165896 -0.0108331
internal_weight=1885.81 848.32 377.463 470.856 176.776 181.965 288.891
internal_count=168137 70140 58651 11489 31154 4505 6984
cat_boundaries=0 2 4 6
cat_threshold=3505594935 2904008 67683520 1081364 721686784 143394
is_linear=0
shrinkage=0.05


Tree=268
num_leaves=8
num_cat=3
split_feature=16 6 1 7 16 2 16
split_gain=6.15364 4.13336 2.47214 2.3572 5.98388 2.32574 8.48974
threshold=0 8.7625000000000011 37.500000000000007 1.5000000000000002 1 94.500000000000014 2
decision_type=9 2 10 10 9 10 9
left_child=1 2 -1 5 -5 -2 -7
right_child=3 -3 -4 4 -6 6 -8
leaf_value=-0.022927134653778509 0.00088396769705207517 -0.017771315982515544 -0.0020139954758090404 -0.013961731344312604 0.023230742763202906 0.016481028981750922 -0.0017692008306685705
leaf_weight=9.5544700888858625 970.87657991643937 43.44804809067864 585.06235109685804 6.780943835969083 19.562843494932171 97.760967231472023 146.69904594801483
leaf_count=3515 99668 801 52576 567 1437 3971 5471
internal_value=0.00029221 -0.00364904 -0.00253841 0.00233457 0.0159145 0.00199534 0.00630297
internal_weight=1879.75 638.065 594.617 1241.68 26.3438 1215.34 244.46
internal_count=168006 56892 56091 111114 2004 109110 9442
cat_boundaries=0 2 4 6
cat_threshold=139832587 1213993 1073889376 817408 1629635248 20482
is_linear=0
shrinkage=0.05


Tree=269
num_leaves=8
num_cat=2
split_feature=16 5 16 0 5 3 3
split_gain=5.92468 3.66946 5.67968 6.79151 4.44413 4.35709 4.02096
threshold=0 134500.00000000003 1 730.50000000000011 131500.00000000003 25.500000000000004 57.500000000000007
decision_type=9 2 9 8 2 10 8
left_child=1 4 6 5 -1 -4 -3
right_child=-2 2 3 -5 -6 -7 -8
leaf_value=0.0016460285234301143 -0.0022795194163543297 0.015355140735116816 0.026916632701482812 -0.029133360240407205 -0.025640730293870789 -0.0011640291381451648 -0.013331122972445854
leaf_weight=506.55651413396117 1081.1150464091334 169.45444698893698 11.625070210546253 13.953146551997632 10.375391228561055 79.558659946487751 9.3954238453297858
leaf_count=38274 103262 14037 1068 5525 936 4122 713
internal_value=0.000123444 0.00334783 0.00790264 -0.00169063 0.000857967 0.00362912 0.0128288
internal_weight=1882.03 800.919 283.987 105.137 516.932 91.1837 178.85
internal_count=167937 64675 25465 10715 39210 5190 14750
cat_boundaries=0 2 4
cat_threshold=3393991785 2784456 2285900872 26696
is_linear=0
shrinkage=0.05


Tree=270
num_leaves=8
num_cat=2
split_feature=16 0 8 0 3 16 0
split_gain=5.96291 4.70567 6.3632 3.73242 3.26864 5.42537 3.70876
threshold=0 792.50000000000011 1.5000000000000002 780.50000000000011 22.500000000000004 1 701.50000000000011
decision_type=9 10 8 8 10 9 8
left_child=1 3 -3 -1 5 6 -2
right_child=4 2 -4 -5 -6 -7 -8
leaf_value=0.0041317248029859692 -0.0040935735487478966 0.053585908510356384 -0.015560645438319766 -0.016424845644090486 -0.00069767199029746368 -0.014567142994104172 0.021770714829282653
leaf_weight=704.37526429958234 35.666660962917376 5.1217000222823108 2.2515077626594575 17.945371061709011 1006.4217011844157 95.176260437190649 16.468292165227467
leaf_count=55443 2089 1805 1812 5457 79180 15269 6887
internal_value=0.000515734 0.00400649 0.0347155 0.00351161 -0.00171954 -0.00856172 0.00448214
internal_weight=1883.43 729.694 7.37321 722.321 1153.73 147.311 52.135
internal_count=167942 64517 3617 60900 103425 24245 8976
cat_boundaries=0 2 4
cat_threshold=1414754849 2415045 2281963600 1056784
is_linear=0
shrinkage=0.05


Tree=271
num_leaves=8
num_cat=3
split_feature=16 6 2 11 6 16 2
split_gain=5.18479 9.8365 4.41985 4.98539 4.36855 8.1021 9.33174
threshold=0 6.9775000000000009 96.500000000000014 1 5.9925000000000006 2 60.500000000000007
decision_type=9 2 10 9 2 9 10
left_child=1 2 3 -1 5 6 -2
right_child=4 -3 -4 -5 -6 -7 -8
leaf_value=0.019951804424520655 -0.011945364893103065 0.010187341869975011 0.029723260812847721 -0.0064562198841030833 -0.0028254506205058413 -0.0030029704713615099 0.022364743323832207
leaf_weight=14.566483268572483 21.933713177510072 312.12237986273249 4.8958179710316463 221.50316033614217 1065.5903268129041 162.41713101885398 85.358487492514541
leaf_count=1251 6855 16949 330 25882 85743 22154 8809
internal_value=0.000313848 0.00431765 -0.00316236 -0.00444671 -0.00137641 0.0042457 0.0138939
internal_weight=1888.39 553.088 240.965 236.07 1335.3 269.709 107.292
internal_count=167973 44412 27463 27133 123561 37818 15664
cat_boundaries=0 2 3 5
cat_threshold=939860199 1443558 4 2227835152 35081
is_linear=0
shrinkage=0.05


Tree=272
num_leaves=8
num_cat=3
split_feature=16 5 5 0 16 5 16
split_gain=5.6708 6.87274 9.93883 8.22865 9.09367 8.09149 6.79751
threshold=0 109500.00000000001 107500.00000000001 709.50000000000011 1 65500.000000000007 2
decision_type=9 2 2 8 9 2 9
left_child=-1 2 3 5 -5 -2 -7
right_child=1 -3 -4 4 -6 6 -8
leaf_value=-0.003258730619790714 -0.008299280691620111 -0.002382693743202617 0.045497993565312929 -0.0080458596229289938 0.025479559338646159 -0.011945977854934181 0.010594621829277048
leaf_weight=1029.808968019468 128.14583802520065 413.76728406152688 10.872053251223404 23.965141015927657 63.77764980646316 28.585472472943366 186.0037583532976
leaf_count=95412 4083 40937 869 6423 12798 1180 6432
internal_value=-0.000784588 0.00220883 0.00654135 0.00504638 0.0182625 0.00144901 0.00732681
internal_weight=1884.93 855.117 441.35 430.478 87.7428 342.735 214.589
internal_count=168134 72722 31785 30916 19221 11695 7612
cat_boundaries=0 2 4 6
cat_threshold=615907280 525482 167772173 2507585 3221225504 1054980
is_linear=0
shrinkage=0.05


Tree=273
num_leaves=8
num_cat=1
split_feature=2 14 0 0 8 2 6
split_gain=3.80317 7.39219 5.78868 5.19126 3.81179 3.337 4.36812
threshold=94.500000000000014 0 638.50000000000011 788.50000000000011 1.5000000000000002 89.500000000000014 9.4750000000000014
decision_type=10 9 10 8 10 8 2
left_child=5 2 -2 -3 -4 6 -1
right_child=1 3 4 -5 -6 -7 -8
leaf_value=0.00013559543680559394 0.00054975659275296562 0.00118770252497969 0.010619001590592226 0.034568482922976561 0.052920567360637855 -0.0056169023617038336 0.02139965843487333
leaf_weight=1220.0754532258143 17.263663150370121 322.79380672500702 12.243848034413531 7.103907285782042 12.257996352738701 260.60516701641609 19.640667864587158
leaf_count=140934 198 12497 384 431 707 12441 262
internal_value=0.000595598 0.00508781 0.0237067 0.00241189 0.0371643 -0.000530426 0.000557088
internal_weight=1871.98 371.663 41.7655 329.898 24.5018 1500.32 1239.72
internal_count=167854 14217 1289 12928 1091 153637 141196
cat_boundaries=0 1
cat_threshold=2
is_linear=0
shrinkage=0.05


Tree=274
num_leaves=8
num_cat=2
split_feature=15 3 5 3 13 0 1
split_gain=2.97495 6.58826 4.68139 3.82647 3.55277 3.6989 3.86254
threshold=0 31.500000000000004 49500.000000000007 21.500000000000004 1 718.50000000000011 86.500000000000014
decision_type=9 10 2 8 9 8 10
left_child=-1 3 -3 -2 5 6 -4
right_child=1 2 4 -5 -6 -7 -8
leaf_value=0.00063287583232455322 1.5799871852874308e-05 0.03089960017587395 -0.00055913877519267886 -0.025550612987003188 -0.0075738216925593784 -0.013497264396250845 0.027391772122640864
leaf_weight=1656.502894342193 20.559468478400959 6.532799217675346 22.806881537486333 45.736721066612517 92.834586768934969 11.330081327032529 21.486995213432238
leaf_count=139271 5163 493 2103 8146 8107 3614 833
internal_value=-0.000110948 -0.00536103 0.000182543 -0.018177 -0.00213187 0.00693202 0.014403
internal_weight=1877.79 221.288 154.991 66.2962 148.459 55.624 44.2939
internal_count=167730 28459 15150 13309 14657 6550 2936
cat_boundaries=0 1 2
cat_threshold=20 4
is_linear=0
shrinkage=0.05


Tree=275
num_leaves=8
num_cat=3
split_feature=16 5 5 12 6 16 2
split_gain=4.95447 6.21526 3.43478 4.58757 3.91134 5.88497 6.04899
threshold=0 40500.000000000007 155500.00000000003 1 7.705000000000001 2 63.500000000000007
decision_type=9 2 2 1 2 9 8
left_child=1 -1 4 -4 -3 6 -6
right_child=-2 2 3 -5 5 -7 -8
leaf_value=0.019354768654970864 0.001569007645318802 -0.013043344789148729 -0.0014267296670270498 0.034093776196393248 0.025551258789484999 0.01355910171956768 -0.013253856311167461
leaf_weight=20.865684446005616 1448.4976544274687 187.29141521954443 101.48672920328681 4.9512046614545389 6.7539756102778474 31.594039267569315 77.709920568682719
leaf_count=1128 135237 16861 9154 473 759 1535 2691
internal_value=0.000165572 -0.00445251 -0.00599078 0.00168117 -0.0086663 -0.00135574 -0.00800186
internal_weight=1879.15 430.653 409.787 106.438 303.349 116.058 84.4639
internal_count=167838 32601 31473 9627 21846 4985 3450
cat_boundaries=0 2 3 5
cat_threshold=2350140579 17200 2 67372064 48
is_linear=0
shrinkage=0.05


Tree=276
num_leaves=8
num_cat=2
split_feature=16 3 16 5 3 5 2
split_gain=8.08794 4.00005 10.3751 6.1237 3.90991 3.88835 2.81831
threshold=0 51.500000000000007 1 135500.00000000003 1.0000000180025095e-35 274500.00000000006 38.500000000000007
decision_type=9 10 9 2 10 2 10
left_child=4 6 3 -3 -1 -4 -2
right_child=1 2 5 -5 -6 -7 -8
leaf_value=-0.025892939943310406 -0.01351349083893244 -0.0022312020992434102 -0.027766975209482864 0.039562025777136814 -0.0029653347655193051 0.013325233953814084 0.0043131040749108075
leaf_weight=14.191677732189417 17.912345543532865 18.580794379522562 41.831109122023918 10.789388643170239 747.46688860288123 3.5757127061951897 1027.6372662087815
leaf_count=1518 6739 882 3130 606 65223 323 89447
internal_value=0.000424997 0.00310942 -0.00769693 0.0128926 -0.0035128 -0.0196349 0.00394484
internal_weight=1881.99 1120.33 74.777 29.3702 761.659 45.4068 1045.55
internal_count=167868 101127 4941 1488 66741 3453 96186
cat_boundaries=0 2 4
cat_threshold=2772208545 3023172 1086390282 1048625
is_linear=0
shrinkage=0.05


Tree=277
num_leaves=8
num_cat=0
split_feature=4 2 5 3 6 5 5
split_gain=4.68556 2.70359 5.7382 5.19245 3.93051 2.61652 8.11692
threshold=41.000000000000007 95.500000000000014 92500.000000000015 29.500000000000004 6.3525000000000009 109500.00000000001 113500.00000000001
decision_type=8 10 2 10 2 2 2
left_child=1 5 -3 -4 -5 -1 -7
right_child=-2 2 3 4 -6 6 -8
leaf_value=0.0011261627041475517 0.039583679918939428 -0.0075073317127813252 0.055261321580852285 -0.015387832949318198 0.019886789179315807 -0.022821606809559854 -0.001551693157793156
leaf_weight=907.80665382013831 2.3434353838674715 24.46728073671693 4.4152721748105277 7.2570791224716258 19.891813520109281 42.332794940361055 880.37761931867863
leaf_count=68939 48 824 316 440 840 4243 92373
internal_value=-0.000279798 -0.000433818 0.00992092 0.0226098 0.00953091 -0.000776934 -0.00264527
internal_weight=1888.89 1886.55 56.0314 31.5642 27.1489 1830.52 922.71
internal_count=168023 167975 2420 1596 1280 165555 96616
is_linear=0
shrinkage=0.05


Tree=278
num_leaves=8
num_cat=2
split_feature=16 3 0 2 6 12 2
split_gain=4.90156 4.00353 3.50478 3.35639 2.98332 2.54801 6.2323
threshold=0 58.500000000000007 781.50000000000011 65.500000000000014 8.6125000000000025 1 52.500000000000007
decision_type=9 10 10 10 2 1 10
left_child=1 5 -2 -3 -4 -1 -7
right_child=2 3 4 -5 -6 6 -8
leaf_value=-0.0044330106056321497 0.002662316108406752 0.042765201759815373 -0.021169968776537023 0.0014644403224905664 0.019236933018935462 0.046683673437478417 4.0777637130503215e-06
leaf_weight=682.89212201768532 1101.3530472353159 3.5438606040552285 20.909888830385174 12.47635414090473 1.4862118646269653 3.2408162002102463 54.049040339974454
leaf_count=56354 92439 335 13175 594 195 620 4205
internal_value=0.000131684 -0.002948 0.00221447 0.0185999 -0.015467 -0.00357561 0.00618002
internal_weight=1879.95 756.202 1123.75 16.0202 22.3961 740.182 57.2899
internal_count=167917 62108 105809 929 13370 61179 4825
cat_boundaries=0 2 3
cat_threshold=3435125387 3408128 2
is_linear=0
shrinkage=0.05


Tree=279
num_leaves=8
num_cat=2
split_feature=16 3 3 0 0 0 16
split_gain=5.11243 4.10389 6.80393 5.96882 7.43718 13.1957 8.83448
threshold=0 44.500000000000007 41.500000000000007 548.50000000000011 637.50000000000011 673.50000000000011 1
decision_type=9 10 8 10 10 10 9
left_child=1 2 3 -1 -5 -6 -7
right_child=-2 -3 -4 4 5 6 -8
leaf_value=0.034405248554846279 -0.0011685885743041172 0.013195076910965622 -0.013467455019482433 -0.0072884646914426355 0.023220443445343537 0.01467498361392789 -0.01027602991461378
leaf_weight=11.50094314990565 1387.8799583071959 107.66196702900925 53.561961680010427 103.90482487995178 86.273874312173575 40.11279428441776 85.349051826808136
leaf_count=304 121933 6763 3954 2404 3926 7953 20367
internal_value=0.000387771 0.00470609 0.00228751 0.00503093 0.0034408 0.00875264 -0.00170479
internal_weight=1876.25 488.365 380.703 327.141 315.641 211.736 125.462
internal_count=167604 45671 38908 34954 34650 32246 28320
cat_boundaries=0 2 4
cat_threshold=3430310925 317536 3427024900 264192
is_linear=0
shrinkage=0.05


Tree=280
num_leaves=8
num_cat=2
split_feature=4 16 3 16 3 6 6
split_gain=4.50533 4.50818 3.75952 7.71719 3.74465 4.52789 3.63038
threshold=41.000000000000007 0 53.500000000000007 1 59.500000000000007 6.3525000000000009 8.7625000000000011
decision_type=8 9 8 9 10 2 2
left_child=1 2 6 4 5 -4 -1
right_child=-2 -3 3 -5 -6 -7 -8
leaf_value=-0.0033327931398019935 0.039075482412581714 0.0017504238939489904 0.059630451031805677 -0.011384041156415954 -0.0048922789382213547 0.013807796527440075 -0.017868106569299127
leaf_weight=595.55794622129179 2.3631877102889112 1188.6501297466893 6.2723406666773434 22.24761431911611 6.6898987513268358 18.817028668825515 41.7994959250791
leaf_count=54836 47 108297 570 1806 356 1023 793
internal_value=4.0628e-05 -0.000111955 -0.00328141 0.00880644 0.0201766 0.0332687 -0.00441772
internal_weight=1882.4 1880.03 691.384 54.0269 31.7793 25.0894 637.357
internal_count=167728 167681 59384 3755 1949 1593 55629
cat_boundaries=0 2 4
cat_threshold=2554468652 3329529 272630048 1180785
is_linear=0
shrinkage=0.05


Tree=281
num_leaves=8
num_cat=3
split_feature=16 1 14 6 16 6 6
split_gain=4.39866 4.68371 4.56301 7.46951 6.17913 5.6945 4.93026
threshold=0 97.500000000000014 1 5.7495000000000003 2 6.0570000000000013 6.3775000000000004
decision_type=9 10 9 2 9 2 2
left_child=1 2 3 -1 5 -5 -4
right_child=-2 -3 6 4 -6 -7 -8
leaf_value=-0.015505286928534964 0.002065192086454636 0.028645008734079516 0.00155197253503918 0.019946649143334636 0.010226557305782777 -0.013637850398330693 -0.0080267565331662485
leaf_weight=45.434959260295727 917.01427772258467 6.7734622892457983 183.36928376587457 11.113145056093343 174.35302919783862 58.250130895525217 483.06593003691523
leaf_count=9299 80956 243 19774 1935 13305 6553 35770
internal_value=-0.000397997 -0.00273672 -0.0031356 0.00208474 0.00560975 -0.00641503 -0.00539924
internal_weight=1879.37 962.36 955.586 289.151 243.716 69.3633 666.435
internal_count=167835 86879 86636 31092 21793 8488 55544
cat_boundaries=0 2 3 5
cat_threshold=1612320316 3940564 2 1611268120 2097220
is_linear=0
shrinkage=0.05


Tree=282
num_leaves=8
num_cat=3
split_feature=16 1 5 16 14 0 3
split_gain=7.11516 6.3508 8.63163 7.83744 5.81932 5.59605 5.12835
threshold=0 46.500000000000007 188500.00000000003 1 2 803.50000000000011 9.5000000000000018
decision_type=9 8 2 9 9 8 8
left_child=-1 2 3 4 -2 6 -3
right_child=1 5 -4 -5 -6 -7 -8
leaf_value=-0.0046945585578226472 0.060604715847918079 0.031445469113761365 0.065159331058167277 -0.010894218456718778 0.0039022688721042282 -0.025095885325487316 0.00086477820052389606
leaf_weight=757.84941853983037 6.2369370162778051 8.898979363468241 3.6631501436640965 21.575472991418792 8.8158735594188311 15.519935436983358 1049.1977729656646
leaf_count=68614 986 1387 1118 5979 2690 1560 85817
internal_value=-0.00100892 0.00153661 0.0198922 0.00808257 0.0244544 0.000772973 0.00126866
internal_weight=1871.76 1113.91 40.2914 36.6283 15.0528 1073.62 1058.1
internal_count=168151 99537 10773 9655 3676 88764 87204
cat_boundaries=0 2 4 5
cat_threshold=11349209 279562 1476558882 1194052 1
is_linear=0
shrinkage=0.05


Tree=283
num_leaves=8
num_cat=2
split_feature=16 3 6 3 6 16 0
split_gain=4.95996 4.90726 4.60073 4.51153 4.43708 4.4184 5.6671
threshold=0 34.500000000000007 9.8450000000000006 4.5000000000000009 6.8525000000000009 1 722.50000000000011
decision_type=9 8 2 10 2 9 8
left_child=1 5 -3 4 -2 6 -1
right_child=3 2 -4 -5 -6 -7 -8
leaf_value=-0.0141445323620018 -0.0075679158048845372 -0.0013996543581634932 0.030559021622114536 -0.0036213881900650302 0.032928253217067598 0.0084162596652765584 0.017820351074659378
leaf_weight=48.124412917124573 8.6821305133053119 580.98828727361979 6.4851298425346604 867.54606042729574 11.919161518599138 341.70697180976276 14.077666194352785
leaf_count=3255 1178 40779 57 74975 872 41167 5532
internal_value=-0.000310301 0.00210803 -0.000791946 -0.00299647 0.0177168 0.00633561 -0.00532951
internal_weight=1879.53 991.382 587.473 888.147 20.6013 403.909 62.2021
internal_count=167815 90790 40836 77025 2050 49954 8787
cat_boundaries=0 2 4
cat_threshold=762087153 3417058 157286593 3145986
is_linear=0
shrinkage=0.05


Tree=284
num_leaves=8
num_cat=3
split_feature=16 5 0 6 0 16 16
split_gain=4.11367 4.94799 7.99366 6.93318 6.74595 6.94296 6.54977
threshold=0 80500.000000000015 748.50000000000011 7.9945000000000013 730.50000000000011 1 2
decision_type=9 2 10 2 10 9 9
left_child=1 4 3 -3 5 -1 -6
right_child=-2 2 -4 -5 6 -7 -8
leaf_value=0.0050529279328055312 -0.0014264438750014319 0.0041319211028473142 -0.015015682016368111 0.017405643415658496 0.027759299555057362 -0.012101984813720847 -0.0094948323492822784
leaf_weight=89.538658967241645 1070.3060194280843 384.58890605220222 37.605303915508557 129.5389575639274 17.658902787370607 133.50408545293612 13.262932359590197
leaf_count=3455 102610 26013 17394 4419 4531 5353 3989
internal_value=0.000602274 0.00326674 0.00594852 0.00761178 -0.00243559 -0.00556461 0.0177674
internal_weight=1876 805.698 551.733 514.128 253.965 223.043 30.9218
internal_count=167764 65154 47826 30432 17328 8808 8520
cat_boundaries=0 2 4 6
cat_threshold=1124869806 1240868 1074013220 165664 1124598308 1099780
is_linear=0
shrinkage=0.05


Tree=285
num_leaves=8
num_cat=3
split_feature=16 4 16 5 1 16 5
split_gain=3.3433 3.38618 6.92544 6.52272 6.22878 7.29985 6.17082
threshold=0 19.000000000000004 1 238500.00000000003 71.500000000000014 2 59500.000000000007
decision_type=9 10 9 2 10 9 2
left_child=-1 4 3 -3 6 -6 -2
right_child=1 2 -4 -5 5 -7 -8
leaf_value=0.0032012183911608958 0.0082210011603741553 -0.019305771809609316 0.00016863157708095424 0.02342265749351008 -0.0057538940490555329 0.007168499061764773 -0.01002314017148629
leaf_weight=775.8926668328786 56.66160798096098 100.90110933873802 221.43702745606424 5.5724231588537796 138.40766652647289 391.11095781327458 189.78441880755418
leaf_count=69579 6566 3661 7927 195 13695 28758 37491
internal_value=0.000720463 -0.00104919 -0.00527769 -0.0147923 0.000746619 0.00379503 -0.00574848
internal_weight=1879.77 1103.88 327.911 106.474 775.965 529.519 246.446
internal_count=167872 98293 11783 3856 86510 42453 44057
cat_boundaries=0 2 4 6
cat_threshold=3530597931 298784 790788 2244757 671301652 2101314
is_linear=0
shrinkage=0.05


Tree=286
num_leaves=8
num_cat=2
split_feature=6 5 14 14 6 6 5
split_gain=2.6288 2.8895 3.24622 3.02675 5.83329 6.53321 5.39924
threshold=5.6050000000000013 314500.00000000006 0 1 7.4945000000000013 8.0150000000000023 136500.00000000003
decision_type=2 2 9 9 2 2 2
left_child=-1 3 -3 -2 -5 6 -6
right_child=1 2 -4 4 5 -7 -8
leaf_value=-0.0062172411443382715 -0.0021375992860154093 -0.013038336600922974 0.029256449321337683 -0.00076601747355844086 0.020308178150676877 0.0011478490233173097 -0.0019039386706604638
leaf_weight=155.78877952496987 744.18018156912876 2.9634294230490923 11.657721240801036 624.04092723329086 111.12710244889604 189.18020823260304 34.733628952380968
leaf_count=28828 58201 336 971 64396 5829 6334 2630
internal_value=-0.000103201 0.000467694 0.019546 0.00024719 0.00209911 0.00736843 0.015131
internal_weight=1873.67 1717.88 14.6212 1703.26 959.082 335.041 145.861
internal_count=167525 138697 1307 137390 79189 14793 8459
cat_boundaries=0 1 2
cat_threshold=2 4
is_linear=0
shrinkage=0.05


Tree=287
num_leaves=8
num_cat=1
split_feature=16 0 1 5 5 3 0
split_gain=4.3239 8.16306 3.69226 10.2996 5.55265 5.68354 8.18183
threshold=0 683.50000000000011 96.500000000000014 119500.00000000001 72500.000000000015 28.500000000000004 798.50000000000011
decision_type=9 8 10 2 2 8 10
left_child=-1 -2 4 -4 5 6 -3
right_child=1 2 3 -5 -6 -7 -8
leaf_value=0.0029032420451171304 0.0013585628936251901 -0.024957476002108583 -0.018964536248241085 0.051741958266512678 -0.013977610029821855 0.013087342862974374 0.040853834455539952
leaf_weight=978.93894420405559 617.17229823709931 22.302825318503896 7.4339430865365994 4.2836745644453913 207.6678283613146 41.763058547570836 1.0504444400721684
leaf_count=91578 18868 5209 392 297 45791 5411 424
internal_value=0.000626135 -0.00185998 -0.00880913 0.0146284 -0.0100611 0.00253548 -0.0153148
internal_weight=1880.61 901.674 284.502 11.7176 272.784 65.1163 23.3533
internal_count=167970 76392 57524 689 56835 11044 5633
cat_boundaries=0 2
cat_threshold=3306135762 979473
is_linear=0
shrinkage=0.05


Tree=288
num_leaves=8
num_cat=5
split_feature=16 0 16 15 16 2 16
split_gain=5.87458 5.01437 4.06762 3.8303 5.22845 3.75058 7.67489
threshold=0 779.50000000000011 1 2 3 90.500000000000014 4
decision_type=9 8 9 9 9 10 9
left_child=3 -2 -3 5 -5 -1 -7
right_child=1 2 -4 4 -6 6 -8
leaf_value=0.0016693122985404916 -0.0027483668457583595 0.0099227606236136773 -0.024920570033509865 0.011348718295060522 -0.010892048988299412 -0.0095612880792862107 0.015092086341301434
leaf_weight=597.64554060209775 973.22319215815514 6.5212578545615543 25.634315834220615 22.724430220579961 94.700705296840169 32.194029083766509 125.35554775316268
leaf_count=66660 67541 1761 9703 2948 13438 1308 4699
internal_value=-0.000839784 -0.00341794 -0.0215063 0.00214764 -0.00579 0.00347058 0.0102555
internal_weight=1878 1005.38 32.1556 872.62 117.425 755.195 157.55
internal_count=168058 79005 11464 89053 16386 72667 6007
cat_boundaries=0 2 4 5 7 9
cat_threshold=4185252784 2365953 67764228 16544 16 1091633184 6656 1213268224 2099713
is_linear=0
shrinkage=0.05


Tree=289
num_leaves=8
num_cat=2
split_feature=16 3 15 2 0 0 2
split_gain=5.24631 4.56978 5.58217 4.37867 8.63168 7.99634 6.07018
threshold=0 55.500000000000007 1 74.500000000000014 627.50000000000011 712.50000000000011 89.500000000000014
decision_type=9 8 9 10 10 10 10
left_child=1 2 3 4 -1 6 -5
right_child=-2 -3 -4 5 -6 -7 -8
leaf_value=0.013745242365592762 -0.0022278657382234358 0.01845633314114414 -0.010457785657213505 0.0088700283679051719 -0.011374532546631675 0.021937108134915548 -0.0037802802186005639
leaf_weight=45.120243633398786 1188.1235175815236 41.174078600946814 64.246969845044077 211.26462005113717 103.61833076825133 63.966149053274421 164.97773381485604
leaf_count=1106 110685 2923 8271 7744 20609 12293 4120
internal_value=-0.000219806 0.00319371 0.00214726 0.00371234 -0.00355518 0.00626364 0.00334619
internal_weight=1882.49 694.368 653.194 588.947 148.739 440.209 376.242
internal_count=167751 57066 54143 45872 21715 24157 11864
cat_boundaries=0 2 3
cat_threshold=2353317251 1476247 20
is_linear=0
shrinkage=0.05


Tree=290
num_leaves=8
num_cat=3
split_feature=16 4 5 16 6 16 2
split_gain=6.00265 4.64615 4.69852 5.34154 7.69162 4.89819 8.27252
threshold=0 34.500000000000007 84500.000000000015 1 6.2545000000000011 2 71.500000000000014
decision_type=9 10 2 9 2 9 10
left_child=1 2 3 -1 -5 6 -4
right_child=-2 -3 5 4 -6 -7 -8
leaf_value=0.021675950377230455 -0.0025546312428401312 -0.026086977314680446 -0.019792210309190525 0.022179938714514826 -0.00070717659106790773 -0.0025480661781880172 0.01221372073807498
leaf_weight=51.129731752123917 1099.5712406438251 8.3845415450632554 18.751715380582027 42.554038416565163 159.70777786101098 341.63003837481665 144.58360773220193
leaf_count=4554 97244 332 3078 4333 8113 41990 8233
internal_value=-0.000201266 0.00316049 0.00369401 0.00917868 0.00431861 0.000878798 0.00760855
internal_weight=1866.31 766.741 758.357 253.392 202.262 504.965 163.335
internal_count=167877 70633 70301 17000 12446 53301 11311
cat_boundaries=0 2 4 6
cat_threshold=1285173296 3701012 1074790448 1054720 201863168 24580
is_linear=0
shrinkage=0.05


Tree=291
num_leaves=8
num_cat=3
split_feature=16 5 16 5 16 4 6
split_gain=7.09134 4.42911 5.86811 5.22114 4.94557 6.46004 5.1136
threshold=0 183500.00000000003 1 97500.000000000015 2 16.500000000000004 8.6125000000000025
decision_type=9 2 9 2 9 8 2
left_child=1 3 -3 4 5 6 -1
right_child=-2 2 -4 -5 -6 -7 -8
leaf_value=-0.0051935829369872816 0.0029444495031485155 -0.0057288080293610259 0.010763489344729267 -0.0091482945194867014 -0.0062207235942949588 0.020054816373387026 0.022712115631441768
leaf_weight=100.42708585891523 992.02453660563333 87.71228852236527 103.05671835635439 362.66904902439273 168.876055211731 48.963516957242973 14.451019387459381
leaf_count=11246 85335 13188 8595 35970 11774 1477 474
internal_value=6.18566e-05 -0.0031611 0.00348514 -0.0050414 -0.000495634 0.0054599 -0.000882317
internal_weight=1878.18 886.156 190.769 695.387 332.718 163.842 114.878
internal_count=168059 82724 21783 60941 24971 13197 11720
cat_boundaries=0 2 4 6
cat_threshold=3699650008 31565 1342177680 19265 1350566040 22533
is_linear=0
shrinkage=0.05


Tree=292
num_leaves=8
num_cat=2
split_feature=16 6 16 5 1 5 5
split_gain=8.95834 7.12336 8.51653 6.80547 5.6686 6.21215 7.44621
threshold=0 6.2545000000000011 1 53500.000000000007 69.500000000000014 212500.00000000003 203500.00000000003
decision_type=9 2 9 2 10 2 2
left_child=1 2 -1 -4 -2 6 -6
right_child=4 -3 3 -5 5 -7 -8
leaf_value=-0.010716553491672415 -0.0131747270851757 -0.00029760741508133554 -0.018058439230051359 0.014766374009068051 -0.0019316241869379244 -0.015777146250035415 0.030435300037516801
leaf_weight=37.836639256536728 147.17061992477102 650.2086579270981 12.757009962020673 234.12821443808207 706.9532223904389 75.627630526665598 13.23060953337699
leaf_count=5204 30284 51092 1470 28639 43597 6816 1145
internal_value=-0.000875283 0.00257826 0.00912657 0.0122588 -0.00427696 -0.00261291 -0.00113126
internal_weight=1877.91 934.931 284.722 246.885 942.982 795.811 720.184
internal_count=168247 86405 35313 30109 81842 51558 44742
cat_boundaries=0 2 4
cat_threshold=2162979539 2755677 24707 525312
is_linear=0
shrinkage=0.05


Tree=293
num_leaves=8
num_cat=2
split_feature=16 6 6 6 3 3 16
split_gain=5.82661 3.30526 7.00971 7.68466 5.5276 7.55481 6.00729
threshold=0 5.6050000000000013 5.8775000000000004 6.9945000000000013 44.500000000000007 33.500000000000007 1
decision_type=9 2 2 2 8 10 9
left_child=1 -1 4 -4 5 6 -3
right_child=-2 2 3 -5 -6 -7 -8
leaf_value=-0.0091588221595795202 -0.0018476758442693227 0.020402559671403496 -0.0066479122911151101 0.0078109649078179208 -0.0044762003328902506 0.051838551123823066 -0.014923551230509247
leaf_weight=36.825384140815004 1370.5949183677731 11.660167590685885 128.97212493862025 290.28355935937725 13.105518021620808 16.800423882639734 8.8389045102812833
leaf_count=7013 126946 1541 13108 15477 991 1439 1403
internal_value=-0.000154167 0.0043529 0.00558936 0.00333717 0.0223307 0.0311653 0.00737966
internal_weight=1877.08 506.486 469.661 419.256 50.405 37.2995 20.4991
internal_count=167918 40972 33959 28585 5374 4383 2944
cat_boundaries=0 2 4
cat_threshold=2470715467 2229522 2449735744 16
is_linear=0
shrinkage=0.05


Tree=294
num_leaves=8
num_cat=3
split_feature=16 14 1 4 16 3 2
split_gain=4.31583 2.9116 3.654 2.90782 5.38497 3.2607 3.52784
threshold=0 1 30.500000000000004 25.500000000000004 2 20.500000000000004 95.500000000000014
decision_type=9 9 8 8 9 10 10
left_child=3 -2 -3 -1 -5 -6 -7
right_child=1 2 -4 4 5 6 -8
leaf_value=0.00072318220342929983 0.0018853647753842931 0.028407550942074467 -0.0052903494312467117 -0.0043169842850093315 -0.011925100589023413 0.019537384860139562 -0.0077913409745062672
leaf_weight=907.86783943868068 218.73337913409341 3.2647104405914424 569.12507473553705 61.110001690743957 7.4769886289723209 96.720283970003948 10.6650532213971
leaf_count=97496 16511 1186 47037 1930 322 3040 381
internal_value=-0.000176925 -0.0029533 -0.00485381 0.00186388 0.00766936 0.0132179 0.0165973
internal_weight=1874.96 791.123 572.39 1083.84 175.972 114.862 107.385
internal_count=167903 64734 48223 103169 5673 3743 3421
cat_boundaries=0 2 3 5
cat_threshold=3337700056 1485178 1 2160132096 1441882
is_linear=0
shrinkage=0.05


Tree=295
num_leaves=8
num_cat=3
split_feature=16 3 16 3 3 3 16
split_gain=4.23827 6.2301 6.17568 4.48829 4.25266 6.80865 10.7846
threshold=0 50.500000000000007 1 54.500000000000007 29.500000000000004 33.500000000000007 2
decision_type=9 8 9 10 8 10 9
left_child=4 -2 3 -3 -1 6 -6
right_child=1 2 -4 -5 5 -7 -8
leaf_value=0.0081214890094665135 -0.0032535519326928291 0.034559907768503186 -0.0074454573425810442 0.0049532825329765299 0.007351033127534031 0.0032505208492100545 -0.018776021401232287
leaf_weight=282.92776114205481 759.62156069383491 26.877642579347594 27.468801026872825 24.637800128024537 58.815747647066019 615.78334097066545 81.887970172363566
leaf_count=38879 65911 1966 1855 1446 6528 43595 7460
internal_value=0.000809487 -0.0018222 0.0111008 0.01877 0.00292079 0.000973517 -0.00876126
internal_weight=1878.02 838.606 78.9842 51.5154 1039.41 756.487 140.704
internal_count=167640 71178 5267 3412 96462 57583 13988
cat_boundaries=0 2 4 6
cat_threshold=2088388308 2662973 2172748066 1445952 1416101908 41
is_linear=0
shrinkage=0.05


Tree=296
num_leaves=8
num_cat=3
split_feature=16 0 16 5 4 16 0
split_gain=5.24315 3.9284 7.6444 8.64404 6.46691 7.10983 6.14378
threshold=0 648.50000000000011 1 64500.000000000007 19.000000000000004 2 641.50000000000011
decision_type=9 8 9 2 10 9 10
left_child=1 2 6 -4 5 -3 -1
right_child=-2 4 3 -5 -6 -7 -8
leaf_value=-0.013842060590885125 0.0025361754535048122 -0.012982264289950203 -0.010757212576265357 0.010234597578399968 -0.014553692864533214 0.0025134614156434123 0.015080815734527351
leaf_weight=108.38273709220812 997.70236119533365 88.239157689735293 58.485724302474409 217.64903694344684 141.48361990688136 251.24760565490578 17.632832346949726
leaf_count=2137 97342 17349 903 4263 7814 37689 466
internal_value=7.05809e-05 -0.00271154 0.00090302 0.00548129 -0.00576774 -0.00194804 -0.00870917
internal_weight=1880.82 883.121 402.15 276.135 480.97 339.487 126.016
internal_count=167963 70621 7769 5166 62852 55038 2603
cat_boundaries=0 2 4 6
cat_threshold=122468547 669139 84705347 131328 37752896 660483
is_linear=0
shrinkage=0.05


Tree=297
num_leaves=8
num_cat=4
split_feature=16 0 0 16 15 0 16
split_gain=3.98683 4.06448 5.21356 4.55177 3.82413 3.24421 4.66782
threshold=0 764.50000000000011 792.50000000000011 1 2 600.50000000000011 3
decision_type=9 10 10 9 9 8 9
left_child=4 -2 3 -3 -1 6 -6
right_child=1 2 -4 -5 5 -7 -8
leaf_value=-0.015304469413911108 0.0024584115526608396 0.0085721468112980904 0.014935450724961616 -0.02354749185565664 0.016220188807556695 -0.0032711908495415549 -0.0059248251180072037
leaf_weight=43.492905318955309 1228.0078901137167 10.568610701011492 11.127367299748583 32.007002241152804 40.412471354007721 479.24725236580707 34.180046417284757
leaf_count=6330 85166 4617 5992 18502 510 46307 511
internal_value=0.000272043 0.0018388 -0.011019 -0.0186591 -0.00305692 -0.00171691 0.00763159
internal_weight=1879.04 1281.71 53.703 42.5756 597.333 553.84 74.5925
internal_count=167935 114277 29111 23119 53658 47328 1021
cat_boundaries=0 2 4 5 7
cat_threshold=2966051176 3706439 69206532 4224 8 8519752 558082
is_linear=0
shrinkage=0.05


Tree=298
num_leaves=8
num_cat=3
split_feature=16 3 6 12 1 6 14
split_gain=3.82186 3.07446 3.83777 4.26211 5.975 2.93705 2.8798
threshold=0 21.500000000000004 8.4990000000000006 1 82.500000000000014 9.6325000000000021 2
decision_type=9 8 2 1 10 2 9
left_child=1 2 3 4 -1 -2 -5
right_child=5 -3 -4 6 -6 -7 -8
leaf_value=-0.024150114819383381 -0.001812602007872903 0.0042772727092582679 0.016170675978329094 0.038245380318056389 0.010007651564628278 0.016467662411454628 -0.0072835105007936097
leaf_weight=43.072374980576569 1126.2060781311884 658.05161209148355 11.397931025305295 2.2826575321378186 14.276076737209221 17.44127072696574 4.1328797696332904
leaf_count=10110 106847 48491 419 282 901 170 654
internal_value=0.000353007 0.00313437 -0.00612349 -0.0109947 -0.0155264 -0.00145072 0.0185719
internal_weight=1876.86 733.214 75.1619 63.764 57.3485 1143.65 6.41554
internal_count=167874 60857 12366 11947 11011 107017 936
cat_boundaries=0 2 3 4
cat_threshold=548376971 1230308 2 2
is_linear=0
shrinkage=0.05


Tree=299
num_leaves=8
num_cat=1
split_feature=8 11 3 0 0 0 6
split_gain=5.74736 7.21754 4.86789 5.6276 4.6907 4.59768 4.43805
threshold=1.5000000000000002 0 44.500000000000007 752.50000000000011 753.50000000000011 661.50000000000011 7.9945000000000013
decision_type=8 9 10 10 10 8 2
left_child=-1 2 3 -2 5 6 -4
right_child=1 -3 4 -5 -6 -7 -8
leaf_value=0.0024623614638870565 -0.0022195437175721957 -0.017285243362180017 0.017299660863200859 -0.020056032023542711 0.035869844553211225 -0.0058779071936737046 -0.0067705371228899127
leaf_weight=1035.9974085781432 556.56523068048409 75.995269615552388 64.163974336348474 43.249043562667794 7.2100323680206193 69.465750975243282 23.364340340252966
leaf_count=59964 55073 6869 1964 32370 3177 7903 383
internal_value=-2.44939e-05 -0.00308798 -0.00157261 -0.0036608 0.00593804 0.0034987 0.0108558
internal_weight=1876.01 840.014 764.018 599.814 164.204 156.994 87.5283
internal_count=167703 107739 100870 87443 13427 10250 2347
cat_boundaries=0 1
cat_threshold=1
is_linear=0
shrinkage=0.05


end of trees

feature_importances:
state=603
fico=307
int_rate=235
orig_upb=200
dti=198
cltv=112
ltv=103
loan_purpose=77
n_borrowers=69
mi_pct=63
property_type=41
channel=40
occupancy=31
n_units=14
first_time_buyer=7

parameters:
[boosting: gbdt]
[objective: binary]
[metric: binary_logloss]
[tree_learner: serial]
[device_type: cpu]
[data_sample_strategy: bagging]
[data: ]
[valid: ]
[num_iterations: 300]
[learning_rate: 0.05]
[num_leaves: 8]
[num_threads: 4]
[seed: 42]
[deterministic: 0]
[force_col_wise: 0]
[force_row_wise: 0]
[histogram_pool_size: -1]
[max_depth: -1]
[min_data_in_leaf: 200]
[min_sum_hessian_in_leaf: 0.001]
[bagging_fraction: 0.8]
[pos_bagging_fraction: 1]
[neg_bagging_fraction: 1]
[bagging_freq: 1]
[bagging_seed: 400]
[bagging_by_query: 0]
[feature_fraction: 0.8]
[feature_fraction_bynode: 1]
[feature_fraction_seed: 30056]
[extra_trees: 0]
[extra_seed: 12879]
[early_stopping_round: 0]
[early_stopping_min_delta: 0]
[first_metric_only: 0]
[max_delta_step: 0]
[lambda_l1: 0]
[lambda_l2: 5]
[linear_lambda: 0]
[min_gain_to_split: 0]
[drop_rate: 0.1]
[max_drop: 50]
[skip_drop: 0.5]
[xgboost_dart_mode: 0]
[uniform_drop: 0]
[drop_seed: 17869]
[top_rate: 0.2]
[other_rate: 0.1]
[min_data_per_group: 100]
[max_cat_threshold: 32]
[cat_l2: 10]
[cat_smooth: 10]
[max_cat_to_onehot: 4]
[top_k: 20]
[monotone_constraints: ]
[monotone_constraints_method: basic]
[monotone_penalty: 0]
[feature_contri: ]
[forcedsplits_filename: ]
[refit_decay_rate: 0.9]
[cegb_tradeoff: 1]
[cegb_penalty_split: 0]
[cegb_penalty_feature_lazy: ]
[cegb_penalty_feature_coupled: ]
[path_smooth: 0]
[interaction_constraints: ]
[verbosity: -1]
[saved_feature_importance_type: 0]
[use_quantized_grad: 0]
[num_grad_quant_bins: 4]
[quant_train_renew_leaf: 0]
[stochastic_rounding: 1]
[linear_tree: 0]
[max_bin: 255]
[max_bin_by_feature: ]
[min_data_in_bin: 3]
[bin_construct_sample_cnt: 200000]
[data_random_seed: 175]
[is_enable_sparse: 1]
[enable_bundle: 1]
[use_missing: 1]
[zero_as_missing: 0]
[feature_pre_filter: 1]
[pre_partition: 0]
[two_round: 0]
[header: 0]
[label_column: ]
[weight_column: ]
[group_column: ]
[ignore_column: ]
[categorical_feature: 11,12,13,14,15,16]
[forcedbins_filename: ]
[precise_float_parser: 0]
[parser_config_file: ]
[objective_seed: 16083]
[num_class: 1]
[is_unbalance: 0]
[scale_pos_weight: 1]
[sigmoid: 1]
[boost_from_average: 1]
[reg_sqrt: 0]
[alpha: 0.9]
[fair_c: 1]
[poisson_max_delta_step: 0.7]
[tweedie_variance_power: 1.5]
[lambdarank_truncation_level: 30]
[lambdarank_norm: 1]
[label_gain: ]
[lambdarank_position_bias_regularization: 0]
[eval_at: ]
[multi_error_top_k: 1]
[auc_mu_weights: ]
[num_machines: 1]
[local_listen_port: 12400]
[time_out: 120]
[machine_list_filename: ]
[machines: ]
[gpu_platform_id: -1]
[gpu_device_id: -1]
[gpu_device_id_list: ]
[gpu_use_dp: 0]
[num_gpu: 1]

end of parameters

pandas_categorical:[["N", "UNK", "Y"], ["I", "P", "S"], ["B", "C", "R", "T", "UNK"], ["C", "N", "P", "UNK"], ["CO", "CP", "MH", "PU", "SF", "UNK"], ["AK", "AL", "AR", "AZ", "CA", "CO", "CT", "DC", "DE", "FL", "GA", "GU", "HI", "IA", "ID", "IL", "IN", "KS", "KY", "LA", "MA", "MD", "ME", "MI", "MN", "MO", "MS", "MT", "NC", "ND", "NE", "NH", "NJ", "NM", "NV", "NY", "OH", "OK", "OR", "PA", "PR", "RI", "SC", "SD", "TN", "TX", "UT", "VA", "VI", "VT", "WA", "WI", "WV", "WY"]]
